,csbd,return,mark
0,-2.3412798383855464,-0.002079,0
1,-7.679109512182054,-0.020544099999999996,0
2,-7.841895408056213,-0.029152499999999998,0
3,-7.841895408056213,-0.017769999999999998,0
4,-7.841895408056213,-0.0109142,0
5,-10.114410060013467,0.05255880000000001,0
6,-4.113957385763609,0.0511189,0
7,-4.113957385763609,0.047753,0
8,-3.790980755023991,-0.0091924,0
9,-3.790980755023991,-0.0273757,0
10,-3.790980755023991,-0.0279733,0
11,-3.790980755023991,-0.031215499999999997,0
12,-3.790980755023991,-0.008598399999999999,0
13,-10.242825420528463,0.014851499999999998,0
14,-10.242825420528463,0.0401811,0
15,-5.9290467476454465,0.0166682,0
16,-10.242825420528463,0.00995,0
17,-3.7089736128516386,0.038377,0
18,-3.7089736128516386,0.034350900000000004,0
19,-3.7089736128516386,0.0123797,0
20,-8.763224262395559,0.0527601,0
21,-8.763224262395559,0.049277999999999995,0
22,-8.763224262395559,0.0426855,0
23,-2.1460203419677,0.008691200000000001,0
24,-2.1460203419677,-0.0510154,0
25,-11.682842069212887,-0.0036534999999999996,0
26,-11.682842069212887,0.0013271,0
27,-14.239862858764438,-0.0051586,0
28,-14.239862858764438,-0.018076599999999998,0
29,-14.239862858764438,-0.0218053,0
30,-14.239862858764438,-0.0096363,0
31,-5.7491464160941925,0.0106033,0
32,-5.7491464160941925,0.0106836,0
33,-5.1236020056078235,0.0169516,0
34,-5.1236020056078235,0.012132200000000001,0
35,-5.1236020056078235,0.0031958999999999998,0
36,-1.517824006009932,0.013124100000000001,0
37,-18.35363764499475,0.015366399999999999,0
38,-18.35363764499475,0.018992,0
39,-0.4211038503224962,0.016419200000000002,0
40,-0.4211038503224962,0.0164517,0
41,-0.4211038503224962,0.00625,0
42,-9.712237762676363,-0.012878299999999999,0
43,-9.712237762676363,-0.0091821,0
44,-1.429378870516651,-0.004909,0
45,-1.429378870516651,0.0273216,0
46,-1.429378870516651,-0.0132672,0
47,-19.196891045188206,0.034186400000000006,0
48,-11.627679559595569,0.0363121,0
49,-11.627679559595569,0.0253368,0
50,-2.019477827738352,-0.0279882,0
51,-2.019477827738352,-0.027926999999999997,0
52,-2.026564404823667,0.0437393,0
53,-2.026564404823667,0.023524400000000004,0
54,-2.026564404823667,0.08882910000000001,0
55,-8.742527861685392,0.043166199999999995,0
56,-8.742527861685392,0.0537937,0
57,-8.742527861685392,0.0333834,0
58,-16.19829690004421,0.0557554,0
59,-16.19829690004421,0.0557471,0
60,-16.19829690004421,0.021590900000000003,0
61,-16.19829690004421,0.0218385,0
62,-5.111700827093147,0.053106600000000004,0
63,-5.111700827093147,0.0450838,0
64,-5.111700827093147,0.044985699999999997,0
65,-5.111700827093147,0.053226800000000005,0
66,-9.303787413182537,-0.018359099999999996,0
67,-9.303787413182537,-0.0279747,0
68,-0.9497022944711372,-0.0142099,0
69,-0.9497022944711372,-0.0110655,0
70,-0.9497022944711372,-0.0112367,0
71,-7.232282789237214,0.0505409,0
72,-7.232282789237214,0.055882299999999996,0
73,-6.807253703592108,0.0372043,0
74,-4.1296796264062126,0.1001491,0
75,-5.610717909533999,0.009974799999999999,0
76,-5.610717909533999,-0.0075426,0
77,-6.43007466485262,-0.0790021,0
78,-10.228574494980792,-0.008676799999999998,0
79,-6.43007466485262,-0.0524697,0
80,-6.43007466485262,-0.0856648,0
81,-13.011449741623215,-0.038581199999999996,0
82,-7.934556255126459,-0.043032,0
83,-4.542677748654762,0.0100251,0
84,-4.542677748654762,0.0151246,0
85,-4.542677748654762,0.0152072,0
86,-17.496777380254304,0.0566219,0
87,-17.496777380254304,0.068629,0
88,-8.36355647137385,0.017156,0
89,-8.36355647137385,0.0433209,0
90,-8.36355647137385,0.0571077,0
91,-9.606265240322694,0.016775400000000003,0
92,-8.229019443035678,-0.0658021,0
93,-8.229019443035678,-0.0549202,0
94,-8.86337766897376,-0.1186698,0
95,-8.86337766897376,-0.1252933,0
96,-8.86337766897376,-0.0744775,0
97,-8.86337766897376,-0.0617227,0
98,-10.095009494466547,-0.013694299999999998,0
99,-10.095009494466547,-0.04346130000000001,0
100,-10.095009494466547,-0.016607,0
101,-5.645294980654903,-0.039413300000000005,0
102,-5.645294980654903,0.0008936,0
103,-5.645294980654903,0.0270957,0
104,-5.645294980654903,0.0090113,0
105,-26.614321174754807,-0.0006372999999999999,0
106,-8.29936469739178,-0.0009718,0
107,-8.29936469739178,0.0002735,0
108,-8.29936469739178,-0.0002788,0
109,-5.141497848421906,-0.0025634,0
110,-5.141497848421906,-0.0111912,0
111,-5.141497848421906,-0.0115288,0
112,-8.29936469739178,0.0008244,0
113,-5.170671137396999,-0.0253516,0
114,-5.170671137396999,-0.020937599999999997,0
115,-41.14601158265555,-0.10329289999999998,0
116,-41.14601158265555,-0.07661910000000001,0
117,-41.14601158265555,-0.0712576,0
118,-41.14601158265555,-0.10114379999999999,0
119,-28.617829170355684,-0.0003643,0
120,-3.6253677752418905,0.009972799999999999,0
121,-3.6253677752418905,0.0022858,0
122,-3.8203308145750383,0.0308518,0
123,-3.8203308145750383,0.029192400000000004,0
124,-4.743724748756729,0.0318518,0
125,-4.743724748756729,0.030382999999999997,0
126,-4.743724748756729,0.026044499999999998,0
127,-1.8343357957417856,-0.0218183,0
128,-1.8343357957417856,-0.0218845,0
129,-1.8343357957417856,-0.0147006,0
130,-3.717573911745189,-0.0416048,0
131,-3.717573911745189,-0.0447883,0
132,-12.440426057049484,0.0047339,0
133,-12.440426057049484,0.0223104,0
134,-12.440426057049484,0.020258900000000003,0
135,-5.0400155729952045,-0.0397755,0
136,-5.0400155729952045,-0.0370767,0
137,-1.9641481682324733,-0.00677,0
138,-1.9641481682324733,-0.0067908000000000005,0
139,-1.9641481682324733,0.0361898,0
140,-1.9641481682324733,0.0361336,0
141,-7.478790692792453,0.0446904,0
142,-10.9220084980075,0.0233632,0
143,-10.9220084980075,0.0200457,0
144,-4.552054414194926,0.023884299999999997,0
145,-4.552054414194926,0.027277499999999996,0
146,-22.83134536892066,-0.015415700000000001,0
147,-22.83134536892066,-0.0023571,0
148,-22.83134536892066,-0.012001399999999999,0
149,-1.4950014103232083,-0.0473198,0
150,-1.4950014103232083,-0.0452196,0
151,-1.4950014103232083,-0.046269300000000006,0
152,-4.23464162848588,-0.015306100000000001,0
153,-6.724141475961398,-0.0321299,0
154,-3.3328075250438216,-0.0318404,0
155,-3.3328075250438216,-0.0242767,0
156,-3.3328075250438216,-0.0286416,0
157,-6.724141475961398,0.011764700000000001,0
158,-6.724141475961398,-0.0431973,0
159,-6.088749974079512,0.0009587999999999999,0
160,-6.088749974079512,0.0176917,0
161,-0.8500136860774846,0.0235667,0
162,-34.69261756215209,0.054853599999999995,0
163,-13.07645055787876,-0.0009272999999999999,0
164,-13.07645055787876,-0.0010266,0
165,-13.299783415206369,-0.0130834,0
166,-5.4433444769939685,0.0330234,0
167,-5.4433444769939685,0.0323996,0
168,-13.299783415206369,-0.0136631,0
169,-15.932160549230991,0.0245271,0
170,-0.2567148924885683,0.0126684,0
171,-0.2567148924885683,0.0127,0
172,-2.9086886088963557,0.06776389999999999,0
173,-2.9086886088963557,0.0665044,0
174,-19.074073971107406,0.0538856,0
175,-19.074073971107406,0.0539247,0
176,-1.8419366627320581,0.022349,0
177,-1.8419366627320581,0.022414,0
178,-4.26922010896021,0.0273403,0
179,-4.26922010896021,0.0291051,0
180,-5.063470638752103,0.00893,0
181,-18.682267842441327,0.0683086,0
182,-5.063470638752103,0.008991299999999999,0
183,-18.682267842441327,0.0683947,0
184,-6.723100788534392,-0.0219652,0
185,-6.723100788534392,-0.029387599999999996,0
186,-6.723100788534392,0.0407067,0
187,-6.723100788534392,0.020767400000000002,0
188,-6.723100788534392,0.0206721,0
189,-6.723100788534392,0.0005218,0
190,-6.723100788534392,0.0004306,0
191,-6.723100788534392,-0.0162209,0
192,-3.367863883657564,-0.002676,0
193,-3.367863883657564,-0.0025845,0
194,-0.22890243096763185,0.022471900000000003,0
195,-0.22890243096763185,0.024088400000000003,0
196,-0.22890243096763185,0.024030700000000002,0
197,-0.22890243096763185,0.0190447,0
198,-9.369850649236266,0.0602979,0
199,-9.369850649236266,0.0427807,0
200,-16.74380576478734,0.0044843,0
201,-9.369850649236266,0.008374,0
202,-1.484478090463625,-0.00046879999999999996,0
203,-10.92787846400696,0.011323,0
204,-1.484478090463625,0.0097487,0
205,-10.92787846400696,-0.0103421,0
206,-7.2925754536560925,0.0042442,0
207,-7.2925754536560925,0.0025101999999999998,0
208,-4.679650068234115,0.007182899999999999,0
209,-4.679650068234115,0.0017858000000000001,0
210,-10.297441078902665,0.013908199999999999,0
211,-13.411440980558979,0.0003874,0
212,-4.348919833736681,0.010861200000000001,0
213,-13.411440980558979,-0.0065263000000000005,0
214,-4.216386276848476,0.0058089,0
215,-4.348919833736681,0.0230886,0
216,-13.411440980558979,-0.017593599999999997,0
217,-13.411440980558979,4.13e-09,0
218,-13.411440980558979,-0.015345300000000001,0
219,-4.348919833736681,0.021290299999999998,0
220,-4.216386276848476,-0.007051300000000001,0
221,-4.216386276848476,0.0172153,0
222,-0.3386023019264578,0.0034,0
223,-0.3386023019264578,0.0002757,0
224,-0.3386023019264578,0.0003766,0
225,-5.845201335194952,0.0687375,0
226,-2.9465685207550667,0.014721600000000001,0
227,-9.04161865549813,0.0089426,0
228,-9.04161865549813,0.008894200000000001,0
229,-1.2054125145446728,0.0184799,0
230,-1.2054125145446728,0.0012747,0
231,-5.845201335194952,0.032307,0
232,-5.845201335194952,-0.008101100000000002,0
233,-2.9465685207550667,0.0223935,0
234,-1.2054125145446728,-0.0439877,0
235,-1.2054125145446728,0.0307974,0
236,-1.2054125145446728,0.0252141,0
237,-1.2054125145446728,0.013093100000000002,0
238,-4.457578683018121,0.039757,0
239,-13.300129881502311,0.0429491,0
240,-13.300129881502311,0.0473834,0
241,-13.300129881502311,0.047246699999999996,0
242,-13.300129881502311,0.0430862,0
243,-13.300129881502311,0.0428798,0
244,-2.996424356751551,0.0012739000000000001,0
245,-4.236355289039121,0.048954199999999996,0
246,-2.56351390469926,0.03300209999999999,0
247,-6.370043704865976,0.0308252,0
248,-6.370043704865976,-0.008206299999999998,0
249,-6.370043704865976,-0.0207987,0
250,-5.807322577399602,0.028079700000000003,0
251,-5.807322577399602,0.004799,0
252,-5.807322577399602,0.0201281,0
253,-5.807322577399602,-0.007171300000000001,0
254,-5.807322577399602,-0.0071033,0
255,-5.807322577399602,-0.008828200000000001,0
256,-3.927855443559204,0.0005974,0
257,-3.927855443559204,-0.0338702,0
258,-3.927855443559204,-0.0334421,0
259,-3.927855443559204,-0.009115799999999999,0
260,-3.927855443559204,0.0315885,0
261,-3.927855443559204,-0.0339365,0
262,-3.559275175137277,0.0379713,0
263,-3.559275175137277,0.007273100000000001,0
264,-3.559275175137277,-0.0040528,0
265,-23.834136160369674,-0.0296935,0
266,-23.834136160369674,-0.0271119,0
267,-23.834136160369674,-0.0273759,0
268,-23.834136160369674,0.0005138,0
269,-3.163052783342436,-0.077785,0
270,-3.163052783342436,0.005377600000000001,0
271,-3.163052783342436,-0.0791786,0
272,-3.163052783342436,-0.079191,0
273,-3.163052783342436,-0.0824669,0
274,-23.283411954901897,0.0203577,0
275,-23.283411954901897,0.0256807,0
276,-23.283411954901897,0.0715587,0
277,-23.283411954901897,0.08388630000000001,0
278,-23.283411954901897,0.0991655,0
279,-11.030158536727114,0.1143534,0
280,-1.745206179175733,0.028711599999999997,0
281,-1.745206179175733,0.037038999999999996,0
282,-1.745206179175733,0.020233599999999997,0
283,-1.745206179175733,0.0836557,0
284,-3.950583574436047,-0.007361799999999999,0
285,-3.950583574436047,0.0084643,0
286,-18.611203414225837,-0.0079627,0
287,-18.611203414225837,-0.0098867,0
288,-3.950583574436047,-0.0226182,0
289,-3.950583574436047,-0.0406588,0
290,-3.950583574436047,0.0087566,0
291,-3.950583574436047,-0.07968650000000001,0
292,-9.607616538976352,-0.006135,0
293,-9.607616538976352,0.06630830000000001,0
294,-9.607616538976352,0.0799081,0
295,-1.4352392907577838,0.0199072,0
296,-1.4763653986713619,0.0091931,0
297,-4.078266011064295,-0.0737791,0
298,-5.254931285922071,0.0308993,0
299,-5.254931285922071,0.0309577,0
300,-5.254931285922071,0.0762887,0
301,-3.613268660041227,0.0489048,0
302,-3.613268660041227,-0.0251654,0
303,-3.613268660041227,-0.025288099999999997,0
304,-3.613268660041227,0.048831099999999995,0
305,-3.613268660041227,-0.013679399999999998,0
306,-3.613268660041227,-0.0138012,0
307,-13.156893820588902,-0.0169957,0
308,-8.573272045073429,-0.016766,0
309,-8.573272045073429,-0.017056,0
310,-8.973083260080859,-0.0063897,0
311,-8.973083260080859,0.011402200000000001,0
312,-8.973083260080859,0.0106802,0
313,-4.313133301976245,0.0026289,0
314,-1.7959577827226414,0.010185,0
315,-1.5292849673838134,0.0384791,0
316,-4.313133301976245,0.0356745,0
317,-2.4138571175160117,0.015280100000000001,0
318,-1.7959577827226414,0.027293,0
319,-1.7959577827226414,0.026738599999999998,0
320,-1.7959577827226414,0.0255324,0
321,-1.962147390902135,0.0342975,0
322,-5.458281510746239,0.035205400000000005,0
323,-5.458281510746239,0.0376655,0
324,-5.458281510746239,0.027868900000000002,0
325,-1.962147390902135,0.013083000000000001,0
326,-5.458281510746239,0.031638099999999995,0
327,-1.962147390902135,0.0495314,0
328,-3.905500568425662,-0.0282709,0
329,-2.000342898465351,0.0246482,0
330,-2.000342898465351,0.042435400000000005,0
331,-2.000342898465351,0.0169989,0
332,-2.000342898465351,0.058862199999999996,0
333,-3.905500568425662,0.007444199999999999,0
334,-3.905500568425662,-0.0127072,0
335,-2.000342898465351,0.016992300000000002,0
336,-2.000342898465351,0.0690152,0
337,-5.120995834743977,0.05014930000000001,0
338,-5.120995834743977,0.0502345,0
339,-6.684791364553263,0.07628439999999999,0
340,-2.4553011442330632,-0.0391383,0
341,-2.4553011442330632,-0.025257400000000003,0
342,-3.3622278716402216,-0.026026099999999996,0
343,-3.3622278716402216,-0.0261522,0
344,-2.4553011442330632,-0.0391943,0
345,-31.90149608414984,0.0077834,0
346,-14.228267093641989,0.0020068,0
347,-31.90149608414984,-0.01824,0
348,-14.228267093641989,0.0018192999999999998,0
349,-14.878986162265976,0.0239958,0
350,-14.878986162265976,0.0017602999999999998,0
351,-14.878986162265976,0.0001943,0
352,-14.878986162265976,-0.0091849,0
353,-14.878986162265976,-0.05122959999999999,0
354,-14.228267093641989,-0.00035360000000000003,0
355,-14.878986162265976,-0.0142589,0
356,-14.878986162265976,-0.014296799999999998,0
357,-2.5633543811639163,-0.0291808,0
358,-2.5633543811639163,-0.025883299999999998,0
359,-5.468921719113162,-0.039457900000000004,0
360,-5.468921719113162,-0.0440786,0
361,-1.816229285410551,-0.0502883,0
362,-12.524074854134884,0.0011195,0
363,-12.524074854134884,-0.016612900000000003,0
364,-16.010231556993332,-0.0185185,0
365,-7.151365710575584,-0.0381058,0
366,-7.151365710575584,-0.0516467,0
367,-16.010231556993332,-0.0182642,0
368,-7.151365710575584,-0.033479699999999994,0
369,-12.524074854134884,-0.018496099999999998,0
370,-7.151365710575584,-0.0328489,0
371,-7.151365710575584,-0.0129141,0
372,-7.151365710575584,0.0157096,0
373,-0.4549277148378084,-0.0029390999999999996,0
374,-0.4549277148378084,-0.0419639,0
375,-0.4549277148378084,-0.0254561,0
376,-0.4549277148378084,0.0012071,0
377,-0.4549277148378084,-0.0103861,0
378,-1.579429256243705,-0.0642107,0
379,-1.579429256243705,-0.064377,0
380,-0.8766679396538549,-0.009248200000000002,0
381,-1.579429256243705,-0.047680400000000005,0
382,-1.579429256243705,-0.047628500000000004,0
383,-5.20119228873488,0.043361000000000004,0
384,-5.20119228873488,0.0470793,0
385,-5.20119228873488,0.0490985,0
386,-5.20119228873488,0.0487654,0
387,-5.881794439365247,0.0895072,0
388,-5.881794439365247,0.11209870000000001,0
389,-5.881794439365247,0.08750210000000001,0
390,-3.4503247758713407,0.0665342,0
391,-3.4503247758713407,0.039304900000000004,0
392,-3.4503247758713407,0.012907,0
393,-3.4503247758713407,-0.0204918,0
394,-3.4503247758713407,0.0948437,0
395,-2.9010816836211335,0.0111257,0
396,-2.9010816836211335,-0.005447,0
397,-2.9010816836211335,-0.0053967,0
398,-3.496789637256701,-0.018084400000000004,0
399,-3.496789637256701,-0.0345496,0
400,-23.210354052484625,-0.0492724,0
401,-23.210354052484625,-0.0493383,0
402,-23.210354052484625,-0.0479399,0
403,-23.210354052484625,-0.053176,0
404,-11.527075155116622,-0.00029289999999999996,0
405,-1.5827988849371826,-0.0422342,0
406,-11.527075155116622,-0.041627199999999996,0
407,-11.527075155116622,0.0028616,0
408,-2.030716930300984,-0.0651607,0
409,-1.5827988849371826,-0.04810130000000001,0
410,-2.030716930300984,0.09228099999999999,0
411,-7.567160155173624,0.0295916,0
412,-8.794100578953488,0.0292195,0
413,-8.794100578953488,0.0293298,0
414,-8.794100578953488,0.055848699999999994,0
415,-15.121848256700813,0.056299199999999994,0
416,-15.121848256700813,0.0560879,0
417,-1.2601263898341286,0.0363209,0
418,-1.2601263898341286,0.0020257,0
419,-1.2601263898341286,0.0325673,0
420,-6.923757409746598,-0.024975400000000002,0
421,-6.923757409746598,-0.038158199999999996,0
422,-6.163363267863277,-0.00427,0
423,-6.163363267863277,-0.020046400000000002,0
424,-6.163363267863277,-0.000601,0
425,-6.923757409746598,-0.030066500000000003,0
426,-6.163363267863277,-0.045683499999999995,0
427,-9.971703927311724,-0.0003029,0
428,-6.5258229374539205,-0.0251588,0
429,-6.5258229374539205,-0.0252144,0
430,-6.5258229374539205,-0.010132700000000001,0
431,-6.5258229374539205,-0.0123882,0
432,-6.5258229374539205,-0.0516496,0
433,-9.971703927311724,0.0005602000000000001,0
434,-9.971703927311724,0.0012295,0
435,-6.5258229374539205,-0.037775300000000005,0
436,-6.5258229374539205,-0.0076844999999999995,0
437,-6.5258229374539205,-0.0399305,0
438,-6.5258229374539205,-0.07301460000000001,0
439,-6.5258229374539205,-0.0040722,0
440,-6.5258229374539205,-0.07303639999999999,0
441,-6.5258229374539205,-0.0418391,0
442,-6.5258229374539205,-0.0189442,0
443,-2.9849586325656845,-0.0837318,0
444,-2.9849586325656845,-0.0012524,0
445,-2.9849586325656845,0.0022328000000000005,0
446,-2.9849586325656845,-0.0990407,0
447,-2.9849586325656845,-0.05763769999999999,0
448,-2.9849586325656845,0.07307949999999999,0
449,-0.5104695975604066,-0.0166957,0
450,-0.5104695975604066,0.0009459,0
451,-4.5949154694026815,-0.0233555,0
452,-4.5949154694026815,-0.0232377,0
453,-11.211749390756239,-0.1126491,0
454,-11.211749390756239,-0.12431829999999999,0
455,-14.815243025805714,-0.095176,0
456,-14.815243025805714,-0.0413606,0
457,-14.815243025805714,-0.0942077,0
458,-14.815243025805714,-0.0075469,0
459,-14.815243025805714,-0.058597300000000005,0
460,-2.4087821563169967,-0.0364105,0
461,-8.422420820047982,-0.0325299,0
462,-8.422420820047982,0.0034104,0
463,-8.422420820047982,-0.0221055,0
464,-10.143707843122113,0.0245422,0
465,-10.143707843122113,0.024205400000000002,0
466,-10.143707843122113,-0.019896900000000002,0
467,-10.143707843122113,-0.0197607,0
468,-11.371634567848337,-0.010141200000000001,0
469,-11.371634567848337,0.07653099999999999,0
470,-11.371634567848337,0.0785726,0
471,-11.371634567848337,0.0764321,0
472,-11.371634567848337,0.07508680000000001,0
473,-11.371634567848337,0.07196210000000001,0
474,-2.807725964075587,0.0180652,0
475,-2.807725964075587,0.0323473,0
476,-2.807725964075587,0.0160901,0
477,-2.807725964075587,0.018114599999999998,0
478,-2.807725964075587,0.032249099999999996,0
479,-7.449141216971003,0.025058900000000002,0
480,-5.301611799201799,-0.00168,0
481,-5.301611799201799,0.0186877,0
482,-5.301611799201799,0.0185695,0
483,-1.6869741470345283,-0.0158874,0
484,-1.6869741470345283,-0.0157169,0
485,-1.6869741470345283,-0.0315111,0
486,-5.301611799201799,0.0814419,0
487,-13.13661504822468,-0.0027315,0
488,-5.301611799201799,-0.008540299999999999,0
489,-5.301611799201799,0.0002081,0
490,-13.13661504822468,-0.0027701,0
491,-5.301611799201799,-0.0421324,0
492,-5.301611799201799,0.0814755,0
493,-4.072009020292852,0.0035229,0
494,-4.072009020292852,0.0036588999999999997,0
495,-4.072009020292852,0.0055491,0
496,-4.072009020292852,0.0054065,0
497,-1.8353682981377777,0.005850800000000001,0
498,-1.8353682981377777,0.0062093999999999995,0
499,-9.316776066563454,-0.021922,0
500,-9.316776066563454,-0.021773400000000002,0
501,-9.316776066563454,9.22e-05,0
502,-9.316776066563454,9.25e-05,0
503,-9.316776066563454,0.0007967,0
504,-9.316776066563454,0.0008678,0
505,-9.316776066563454,-0.0232019,0
506,-9.316776066563454,0.010513799999999998,0
507,-9.316776066563454,0.00038280000000000003,0
508,-9.316776066563454,-0.0167468,0
509,-9.316776066563454,-0.0192469,0
510,-9.316776066563454,-0.019486700000000003,0
511,-9.316776066563454,0.0197027,0
512,-9.316776066563454,0.0004633,0
513,-9.316776066563454,-0.0089619,0
514,-9.316776066563454,0.019749700000000002,0
515,-4.588635504743715,-0.0097705,0
516,-4.588635504743715,-0.0181212,0
517,-4.588635504743715,-0.07559760000000001,0
518,-9.102413322328523,0.0007675,0
519,-9.102413322328523,0.0169168,0
520,-9.102413322328523,0.0205,0
521,-4.2582449718461,0.0442253,0
522,-4.2582449718461,0.0053942,0
523,-4.051320228433715,-0.026605400000000005,0
524,-4.051320228433715,-0.0226738,0
525,-4.051320228433715,0.0048013000000000005,0
526,-4.412083067592711,-0.0443798,0
527,-4.412083067592711,0.034533999999999995,0
528,-4.412083067592711,-0.0466188,0
529,-4.412083067592711,-0.0443149,0
530,-4.412083067592711,0.008357999999999999,0
531,-4.412083067592711,0.008227,0
532,-5.847112474618937,0.0086046,0
533,-5.847112474618937,-0.007756900000000001,0
534,-4.412083067592711,0.0913242,0
535,-4.412083067592711,0.0361135,0
536,-4.412083067592711,0.030729400000000004,0
537,-4.412083067592711,-0.050874199999999994,0
538,-4.412083067592711,0.0319723,0
539,-5.847112474618937,0.0442204,0
540,-5.847112474618937,-0.0360088,0
541,-4.412083067592711,-0.0186916,0
542,-5.847112474618937,0.0011118,0
543,-1.4323388656077802,-0.018630599999999997,0
544,-1.4323388656077802,-0.0034673,0
545,-1.4323388656077802,-0.0031944000000000005,0
546,-1.4323388656077802,0.0055422,0
547,-8.624815873629581,0.0076804,0
548,-8.624815873629581,0.007539199999999999,0
549,-8.624815873629581,0.004331399999999999,0
550,-8.624815873629581,0.004251,0
551,-8.624815873629581,0.0124098,0
552,-8.624815873629581,0.012596,0
553,-8.624815873629581,0.0456515,0
554,-8.624815873629581,0.03950019999999999,0
555,-8.624815873629581,0.0389354,0
556,-8.624815873629581,-0.0030581,0
557,-8.624815873629581,0.0234805,0
558,-8.624815873629581,0.029045599999999994,0
559,-8.624815873629581,0.0235233,0
560,-8.624815873629581,0.0255588,0
561,-8.624815873629581,0.025571200000000002,0
562,-3.7302908150482788,0.013571399999999999,0
563,-3.7302908150482788,0.0160136,0
564,-5.642537845151062,-0.0034001999999999995,0
565,-5.642537845151062,-0.0033428000000000004,0
566,-3.7302908150482788,0.013811000000000002,0
567,-1.807029070551336,0.0098474,0
568,-1.807029070551336,0.009793000000000001,0
569,-1.807029070551336,-0.027435700000000004,0
570,-13.903981003431811,-0.016000999999999998,0
571,-0.4533762098957412,-0.0056435,0
572,-11.119884483162886,-0.013655,0
573,-11.119884483162886,0.0037954,0
574,-11.119884483162886,0.0005685,0
575,-0.4533762098957412,-0.013562600000000001,0
576,-0.4533762098957412,-0.013576900000000001,0
577,-11.119884483162886,-0.008706499999999999,0
578,-11.119884483162886,0.0202864,0
579,-0.4533762098957412,0.0007532,0
580,-0.4533762098957412,0.0006616,0
581,-3.5833077396237485,0.004837,0
582,-3.5833077396237485,0.0013835999999999998,0
583,-3.5833077396237485,0.025504699999999998,0
584,-3.5833077396237485,0.0102224,0
585,-9.493703524686973,-0.021381900000000002,0
586,-9.493703524686973,0.020075299999999997,0
587,-3.5833077396237485,0.021068599999999996,0
588,-3.5833077396237485,0.027308699999999998,0
589,-8.305978867703987,0.0044096000000000005,0
590,-8.305978867703987,0.0019414000000000002,0
591,-8.305978867703987,0.0021976,0
592,-8.305978867703987,0.003908,0
593,-8.305978867703987,0.0054829,0
594,-8.305978867703987,0.0051643,0
595,-3.024962938952897,0.0090016,0
596,-5.3102991388874115,0.05250119999999999,0
597,-1.927191172065463,0.011015299999999999,0
598,-2.4556873278199367,0.0097178,0
599,-2.4556873278199367,0.0180805,0
600,-2.4556873278199367,0.007334,0
601,-2.4556873278199367,0.0074095,0
602,-2.4556873278199367,0.0262125,0
603,-2.4556873278199367,0.0261118,0
604,-4.897789653831398,0.0035462,0
605,-4.897789653831398,0.0060131,0
606,-5.730189199929079,0.0006469,0
607,-5.730189199929079,0.0007419,0
608,-5.730189199929079,0.00038080000000000004,0
609,-2.490942716597248,-0.0103413,0
610,-9.529794685276757,0.0155017,0
611,-9.529794685276757,0.015500299999999998,0
612,-18.34869110046872,0.0353425,0
613,-2.490942716597248,-0.027298900000000004,0
614,-2.490942716597248,-0.0610207,0
615,-11.472328523918266,-0.0227961,0
616,-11.472328523918266,-0.022940400000000003,0
617,-18.34869110046872,0.0323916,0
618,-18.34869110046872,0.03337,0
619,-2.490942716597248,0.029232099999999997,0
620,-11.472328523918266,0.0039098,0
621,-11.472328523918266,0.0039891,0
622,-11.472328523918266,-0.0036805,0
623,-11.472328523918266,-0.0036885,0
624,-11.472328523918266,-0.013855899999999999,0
625,-10.919929368985233,0.030223900000000005,0
626,-11.472328523918266,0.0007599,0
627,-11.472328523918266,-0.0124334,0
628,-11.472328523918266,-0.029032299999999997,0
629,-11.472328523918266,-0.0251368,0
630,-11.472328523918266,-0.00048180000000000006,0
631,-11.472328523918266,-0.00048580000000000004,0
632,-18.34869110046872,0.0254734,0
633,-10.919929368985233,0.0302439,0
634,-11.472328523918266,0.027425400000000003,0
635,-11.472328523918266,0.033805800000000004,0
636,-18.34869110046872,0.016873500000000003,0
637,-11.472328523918266,-0.012447,0
638,-18.34869110046872,-0.0038954999999999997,0
639,-13.803351339729536,-0.0179739,0
640,-13.803351339729536,-0.0180316,0
641,-22.891280686991614,-0.0453724,0
642,-13.803351339729536,0.0015860999999999998,0
643,-13.803351339729536,0.0016486,0
644,-21.085687833938888,-0.0315516,0
645,-21.085687833938888,0.0025316999999999996,0
646,-6.268590405358782,0.0011642999999999998,0
647,-6.268590405358782,0.0012409,0
648,-6.268590405358782,0.0024883,0
649,-6.268590405358782,-0.022733700000000003,0
650,-6.268590405358782,-0.001384955494159317,0
651,-6.268590405358782,-0.001384955494159317,0
652,-3.3444639118497634,-0.0182648,0
653,-6.268590405358782,-0.0477062,0
654,-6.268590405358782,-0.0476962,0
655,-3.597561829991669,-0.0436288,0
656,-1.4318492152591258,-0.0561,0
657,-3.597561829991669,0.0419269,0
658,-1.4318492152591258,0.0247759,0
659,-1.4318492152591258,-0.056067200000000005,0
660,-4.8089993494426615,-0.0210252,0
661,-6.986342058261397,0.000989,0
662,-17.1817026902851,0.0306868,0
663,-4.8089993494426615,0.0413814,0
664,-5.3248999161662995,0.044208199999999996,0
665,-5.3248999161662995,0.024147599999999998,0
666,-5.3248999161662995,0.0442913,0
667,-4.8089993494426615,0.0436205,0
668,-4.8089993494426615,-0.0302158,0
669,-4.8089993494426615,0.0443077,0
670,-4.8089993494426615,-0.028357,0
671,-4.8089993494426615,-0.028547700000000002,0
672,-6.986342058261397,-0.014198500000000001,0
673,-6.986342058261397,-0.026428500000000004,0
674,-5.4144697824091885,0.0056933999999999995,0
675,-5.4144697824091885,0.0058021999999999995,0
676,-5.4144697824091885,0.0077977,0
677,-5.4144697824091885,0.0078917,0
678,-1.7263724548765451,0.043866699999999995,0
679,-6.182182031515168,0.016428599999999998,0
680,-6.182182031515168,0.0243997,0
681,-5.979975259059827,0.013728299999999999,0
682,-5.979975259059827,0.0328661,0
683,-6.182182031515168,0.024494,0
684,-6.182182031515168,0.026183099999999997,0
685,-14.555065458986409,-0.0431057,0
686,-14.555065458986409,-0.043709,0
687,-14.555065458986409,-0.0445853,0
688,-14.555065458986409,-0.0430231,0
689,-14.555065458986409,-0.016279599999999998,0
690,-14.555065458986409,-0.044499699999999996,0
691,-14.555065458986409,-0.0046403,0
692,-14.555065458986409,-0.0046921,0
693,-14.555065458986409,-0.0172549,0
694,-14.555065458986409,-0.012354200000000001,0
695,-14.555065458986409,0.013201300000000001,0
696,-14.555065458986409,-0.0131673,0
697,-14.555065458986409,-0.0376177,0
698,-14.555065458986409,-0.0196672,0
699,-12.930611835458373,-0.023466400000000002,0
700,-12.930611835458373,-0.0118457,0
701,-3.348029655151536,-0.0029218000000000004,0
702,-3.348029655151536,-0.0027225,0
703,-6.718757215952025,-0.0018041,0
704,-8.400659949140419,-0.0222774,0
705,-8.400659949140419,-0.0222958,0
706,-8.400659949140419,-0.0083333,0
707,-8.400659949140419,-0.0290375,0
708,-8.400659949140419,-0.029111200000000004,0
709,-6.718757215952025,-0.0138726,0
710,-8.630108396714272,-0.0189215,0
711,-8.630108396714272,-0.0115499,0
712,-8.630108396714272,0.011841899999999999,0
713,-8.630108396714272,-0.021978,0
714,-8.630108396714272,-0.00028010000000000003,0
715,-1.1583434944878035,-0.022565599999999998,0
716,-8.630108396714272,-0.0331492,0
717,-11.688513120876125,-0.03615209999999999,0
718,-11.688513120876125,-0.002391,0
719,-11.688513120876125,0.0164928,0
720,-11.688513120876125,0.0218449,0
721,-11.688513120876125,0.009226799999999999,0
722,-10.851994991014461,0.0031278,0
723,-11.688513120876125,0.0024878,0
724,-11.688513120876125,0.0027059000000000002,0
725,-11.688513120876125,0.0027508000000000003,0
726,-10.851994991014461,0.0016945999999999999,0
727,-10.851994991014461,0.0017833999999999999,0
728,-10.851994991014461,-0.0061546000000000005,0
729,-10.851994991014461,-0.0060688999999999995,0
730,-11.688513120876125,0.025920099999999998,0
731,-11.688513120876125,-0.017023,0
732,-11.688513120876125,-0.0712979,0
733,-11.688513120876125,-0.0713304,0
734,-11.688513120876125,-0.060754999999999997,0
735,-11.688513120876125,-0.0183205,0
736,-4.488717135182599,-0.007701,0
737,-4.488717135182599,-0.0080621,0
738,-4.488717135182599,-0.008160500000000001,0
739,-4.488717135182599,-0.0078016000000000005,0
740,-4.488717135182599,-0.0078557,0
741,-4.488717135182599,-0.007747499999999999,0
742,-7.4150180651184865,0.0287319,0
743,-3.494416136555912,0.0111134,0
744,-7.4150180651184865,0.0201365,0
745,-3.494416136555912,0.0118105,0
746,-4.6748890684935835,-0.0098084,0
747,-2.6692447989710213,-0.0031785,0
748,-2.6692447989710213,-0.0077429000000000005,0
749,-3.512512855315435,0.010035700000000002,0
750,-3.512512855315435,-0.004072699999999999,0
751,-2.6692447989710213,0.015832099999999998,0
752,-2.6692447989710213,0.0014962999999999999,0
753,-3.29392404599239,0.0016553000000000002,0
754,-3.512512855315435,-0.029957,0
755,-3.512512855315435,-0.0283164,0
756,-4.2562142106399286,-0.0149592,0
757,-4.2562142106399286,-0.015104900000000001,0
758,-4.2562142106399286,0.0012648,0
759,-4.2562142106399286,0.0011780999999999999,0
760,-4.2562142106399286,0.0009283,0
761,-4.2562142106399286,0.0009095,0
762,-4.2562142106399286,0.0145749,0
763,-4.2562142106399286,-0.022883900000000002,0
764,-4.2562142106399286,-0.0144748,0
765,-4.2562142106399286,0.000753,0
766,-4.2562142106399286,-0.0057252,0
767,-4.2562142106399286,-0.016007,0
768,-4.2562142106399286,0.032542400000000006,0
769,-4.2562142106399286,0.0111587,0
770,-4.2562142106399286,0.0112055,0
771,-4.2562142106399286,-0.0138834,0
772,-4.2562142106399286,-0.0228633,0
773,-4.2562142106399286,-0.006497,0
774,-4.2562142106399286,-0.001384955494159317,0
775,-4.2562142106399286,-0.001384955494159317,0
776,-3.680837536786488,0.0090016,0
777,-3.680837536786488,0.0089732,0
778,-7.0173057938309595,0.006399899999999999,0
779,-7.0173057938309595,0.0067098,0
780,-7.0173057938309595,0.005018,0
781,-7.0173057938309595,0.0037991999999999995,0
782,-2.236818015073531,0.0032467,0
783,-2.236818015073531,-0.0510867,0
784,-7.0173057938309595,0.012381399999999999,0
785,-2.236818015073531,0.0466135,0
786,-7.0173057938309595,0.0128767,0
787,-2.236818015073531,0.046541,0
788,-7.0173057938309595,0.0117876,0
789,-7.0173057938309595,0.009881000000000001,0
790,-7.0173057938309595,0.004878,0
791,-2.236818015073531,-0.000714,0
792,-2.236818015073531,-0.0006232999999999999,0
793,-2.236818015073531,0.0083244,0
794,-2.236818015073531,0.0104874,0
795,-2.236818015073531,0.0082353,0
796,-2.236818015073531,0.014562,0
797,-2.236818015073531,0.014421200000000002,0
798,-2.4674642063349963,0.0013495999999999998,0
799,-2.4674642063349963,0.0012785000000000001,0
800,-9.65800062591359,-0.03664559999999999,0
801,-2.4674642063349963,-0.07790839999999999,0
802,-29.75333284639929,-0.041860800000000004,0
803,-9.65800062591359,-0.027439099999999998,0
804,-9.65800062591359,-0.0152245,0
805,-1.5081342129279534,-0.0435014,0
806,-29.75333284639929,-0.0020971999999999996,0
807,-9.65800062591359,-0.026020599999999994,0
808,-7.246980240893352,-0.0033957,0
809,-29.75333284639929,-0.0283806,0
810,-2.4674642063349963,0.0081059,0
811,-7.246980240893352,-0.0118913,0
812,-2.4674642063349963,0.007942,0
813,-29.75333284639929,-0.05772480000000001,0
814,-22.428780316427368,-0.0005627000000000001,0
815,-22.428780316427368,-0.0483701,0
816,-22.428780316427368,-0.0299495,0
817,-2.8861702492603687,-0.011838799999999998,0
818,-2.8861702492603687,-0.0119449,0
819,-22.428780316427368,-0.028289099999999998,0
820,-22.428780316427368,-0.046531499999999996,0
821,-3.8332765215969378,-0.045951099999999995,0
822,-3.8332765215969378,-0.0158481,0
823,-3.8332765215969378,-0.061848900000000005,0
824,-3.8332765215969378,-0.0384839,0
825,-12.739210733742391,-0.0190298,0
826,-12.739210733742391,-0.0477955,0
827,-12.739210733742391,-0.0189936,0
828,-12.739210733742391,-0.047858,0
829,-12.739210733742391,0.014684299999999999,0
830,-4.492952025602931,-0.0395048,0
831,-4.492952025602931,-0.0393173,0
832,-4.492952025602931,0.0061328,0
833,-4.492952025602931,0.006061199999999999,0
834,-4.492952025602931,-0.0016483000000000001,0
835,-4.492952025602931,-0.0015984000000000003,0
836,-4.492952025602931,-0.0901897,0
837,-4.492952025602931,-0.0048833,0
838,-4.492952025602931,-0.044909899999999996,0
839,-4.492952025602931,-0.07581089999999999,0
840,-4.492952025602931,-0.0961695,0
841,-4.492952025602931,-0.0758893,0
842,-4.492952025602931,-0.049841500000000004,0
843,-4.492952025602931,0.0218209,0
844,-4.492952025602931,-0.0970836,0
845,-4.492952025602931,-0.05544400000000001,0
846,-4.492952025602931,-0.0498401,0
847,-4.492952025602931,0.0458599,0
848,-6.434541407384825,-0.038254,0
849,-6.434541407384825,0.0013382,0
850,-6.434541407384825,0.0011834,0
851,-6.434541407384825,0.06684760000000001,0
852,-6.434541407384825,0.10503050000000001,0
853,-6.434541407384825,0.0009332,0
854,-6.434541407384825,-0.012064499999999999,0
855,-2.382985178248056,-0.0165493,0
856,-2.382985178248056,-0.016481700000000002,0
857,-2.382985178248056,-0.0181237,0
858,-2.382985178248056,-0.015888,0
859,-3.1238039777005016,0.017914799999999998,0
860,-3.1238039777005016,-0.020237099999999997,0
861,-3.1238039777005016,-0.025663799999999997,0
862,-3.1238039777005016,0.0061181000000000004,0
863,-3.1238039777005016,0.046566199999999995,0
864,-3.1238039777005016,0.0214491,0
865,-5.259970738417502,-0.0015554,0
866,-5.259970738417502,-0.0018065000000000002,0
867,-5.259970738417502,-0.011054600000000001,0
868,-5.259970738417502,-0.0016769000000000003,0
869,-5.259970738417502,-0.0119856,0
870,-5.259970738417502,-0.010958200000000001,0
871,-5.259970738417502,-0.0103135,0
872,-5.259970738417502,-0.0094375,0
873,-5.259970738417502,-0.008913500000000001,0
874,-5.259970738417502,-0.0111556,0
875,-5.259970738417502,-0.0276714,0
876,-5.259970738417502,-0.0109749,0
877,-5.259970738417502,-0.0106546,0
878,-8.617587686907184,-0.001384955494159317,0
879,-8.617587686907184,0.0010826,0
880,-8.617587686907184,0.008537200000000002,0
881,-11.013322955504933,-0.0004699,0
882,-5.9387773578674325,-0.0369793,0
883,-5.9387773578674325,-0.0368721,0
884,-2.620714403696976,0.013530100000000002,0
885,-2.620714403696976,0.0082493,0
886,-2.620714403696976,0.0092678,0
887,-2.620714403696976,0.007985800000000001,0
888,-1.2842082574811744,-0.056413099999999994,0
889,-6.748220719226878,-0.0061728,0
890,-1.5295443035193899,-0.0456976,0
891,-6.748220719226878,-0.0061498,0
892,-3.9874676683639154,-0.0011256999999999999,0
893,-1.5295443035193899,0.0002987,0
894,-6.253908754604523,-0.045493900000000004,0
895,-0.8013270154113555,0.001292,0
896,-0.8013270154113555,-0.014635200000000001,0
897,-0.8013270154113555,-0.031338,0
898,-1.9461099973612803,-0.0135637,0
899,-1.9461099973612803,-0.053216,0
900,-1.9461099973612803,-0.0005974,0
901,-0.8013270154113555,-0.039974800000000005,0
902,-1.9461099973612803,-0.000715,0
903,-1.9461099973612803,-0.0257596,0
904,-1.9461099973612803,-0.05333330000000001,0
905,-0.8013270154113555,0.0203776,0
906,-1.9461099973612803,-0.0256377,0
907,-1.9461099973612803,-0.0135172,0
908,-2.715818645557741,0.0095428,0
909,-9.306398095978428,0.017937599999999998,0
910,-3.653274120550719,-0.0247208,0
911,-3.653274120550719,-0.0006617999999999999,0
912,-2.715818645557741,0.0576073,0
913,-2.715818645557741,-0.0055703,0
914,-2.715818645557741,0.0029401999999999996,0
915,-3.653274120550719,0.0417254,0
916,-3.653274120550719,-0.019116499999999998,0
917,-2.715818645557741,-0.0210681,0
918,-2.715818645557741,-0.005871100000000001,0
919,-2.715818645557741,0.0017582999999999998,0
920,-3.653274120550719,-0.0465731,0
921,-9.306398095978428,0.0221487,0
922,-3.653274120550719,-0.0306493,0
923,-9.306398095978428,0.0183106,0
924,-3.653274120550719,-0.031039799999999996,0
925,-7.5332230067463755,0.0014837,0
926,-1.9919059523299727,0.0324458,0
927,-1.9919059523299727,0.032336000000000004,0
928,-7.5332230067463755,-0.004909,0
929,-9.428891057089642,0.0136482,0
930,-7.5332230067463755,-0.0214459,0
931,-9.428891057089642,0.013479900000000001,0
932,-7.5332230067463755,-0.0015113,0
933,-7.5332230067463755,-0.0015935,0
934,-22.131719385346308,-0.03641180000000001,0
935,-9.428891057089642,0.0153571,0
936,-9.428891057089642,0.007694499999999999,0
937,-7.5332230067463755,-0.0099668,0
938,-7.5332230067463755,0.0084331,0
939,-9.428891057089642,0.0417719,0
940,-9.428891057089642,0.0416686,0
941,-7.5332230067463755,0.0107762,0
942,-7.5332230067463755,-0.0055376,0
943,-7.5332230067463755,-0.009505,0
944,-9.428891057089642,0.015416599999999999,0
945,-9.428891057089642,0.0261324,0
946,-9.428891057089642,0.0125475,0
947,-9.428891057089642,0.024531,0
948,-9.428891057089642,0.1087137,0
949,-7.5332230067463755,-0.0240728,0
950,-3.129017864916482,0.10248869999999999,0
951,-9.428891057089642,0.0568562,0
952,-3.129017864916482,0.10261179999999999,0
953,-1.116413477988012,-0.004929600000000001,0
954,-1.116413477988012,-0.0100445,0
955,-1.116413477988012,0.0006394,0
956,-1.116413477988012,0.0005480000000000001,0
957,-1.116413477988012,0.0216453,0
958,-1.116413477988012,-0.028837599999999998,0
959,-1.116413477988012,-0.028774400000000002,0
960,-3.8717790059031616,0.036909899999999995,0
961,-3.8717790059031616,0.0327789,0
962,-3.8717790059031616,0.06856480000000001,0
963,-3.8717790059031616,0.0685413,0
964,-3.8717790059031616,0.0005479,0
965,-3.8717790059031616,0.00045650000000000004,0
966,-3.8717790059031616,0.0680365,0
967,-3.8717790059031616,0.068102,0
968,-1.6783943996721569,0.013533100000000001,0
969,-1.6783943996721569,0.0322423,0
970,-1.6783943996721569,0.052921699999999995,0
971,-1.6783943996721569,0.044767900000000006,0
972,-1.6783943996721569,0.0071905,0
973,-1.6783943996721569,0.025263,0
974,-1.6783943996721569,-0.0032025,0
975,-1.6783943996721569,0.024124700000000002,0
976,-6.146171012037642,8.66e-05,0
977,-6.146171012037642,0.0002556,0
978,-6.146171012037642,-0.0067318,0
979,-6.592815021610209,0.00043710000000000005,0
980,-6.146171012037642,-0.0066477,0
981,-6.592815021610209,-0.014340700000000001,0
982,-6.146171012037642,-0.010527600000000002,0
983,-6.592815021610209,0.007215000000000001,0
984,-6.592815021610209,-0.0290428,0
985,-6.146171012037642,-0.0240735,0
986,-6.146171012037642,0.0007382999999999999,0
987,-6.146171012037642,0.0008227999999999999,0
988,-3.0965547889688083,0.0036351,0
989,-3.0965547889688083,-0.0221106,0
990,-3.0965547889688083,-0.016915,0
991,-1.5464866616689363,0.0001597,0
992,-2.184250166374527,0.0578825,0
993,-2.184250166374527,0.06274360000000001,0
994,-2.184250166374527,0.0579447,0
995,-2.184250166374527,0.0627873,0
996,-2.184250166374527,-0.0019233,0
997,-2.184250166374527,-0.0018574000000000002,0
998,-2.184250166374527,-0.010704,0
999,-2.184250166374527,-0.009696999999999999,0
1000,-2.184250166374527,0.051322,0
1001,-2.184250166374527,-0.0111005,0
1002,-2.184250166374527,0.007645300000000001,0
1003,-5.883285923686223,0.0135553,0
1004,-5.883285923686223,0.0276355,0
1005,-5.883285923686223,0.0209228,0
1006,-5.883285923686223,-0.032298099999999996,0
1007,-5.883285923686223,0.0309834,0
1008,-5.883285923686223,0.002305,0
1009,-5.883285923686223,0.0768372,0
1010,-2.4531471046746733,-0.0075704,0
1011,-2.4531471046746733,-0.007594,0
1012,-2.4531471046746733,-0.0081714,0
1013,-14.475341192607921,-0.0782998,0
1014,-14.475341192607921,-0.0429204,0
1015,-14.475341192607921,-0.060338300000000004,0
1016,-14.475341192607921,-0.08385419999999999,0
1017,-14.475341192607921,-0.060257500000000006,0
1018,-14.475341192607921,-0.13650639999999997,0
1019,-14.475341192607921,-0.13658,0
1020,-14.475341192607921,-0.0821734,0
1021,-4.389549550309812,-0.0014187999999999998,0
1022,-4.389549550309812,-0.0109639,0
1023,-4.000672255719812,-0.08604210000000001,0
1024,-4.000672255719812,-0.047469,0
1025,-4.000672255719812,-0.0444593,0
1026,-4.000672255719812,-0.0386771,0
1027,-4.389549550309812,0.0596516,0
1028,-4.389549550309812,-0.0730368,0
1029,-4.389549550309812,-0.048069,0
1030,-4.000672255719812,-0.014533,0
1031,-4.000672255719812,-0.0074787,0
1032,-4.000672255719812,-0.0188533,0
1033,-4.389549550309812,-0.0420615,0
1034,-4.000672255719812,-0.0418756,0
1035,-4.000672255719812,-0.011706399999999999,0
1036,-10.771791959451477,-0.0557606,0
1037,-10.771791959451477,-0.0691194,0
1038,-3.1341634829003056,-0.0012714,0
1039,-3.1053395707481357,-0.036284699999999996,0
1040,-3.1341634829003056,-0.0408277,0
1041,-3.1053395707481357,-0.0397752,0
1042,-8.473243086878899,-0.0110375,0
1043,-8.473243086878899,-0.0032808,0
1044,-8.473243086878899,-0.0138805,0
1045,-8.473243086878899,-0.010204099999999999,0
1046,-3.1341634829003056,-0.0153846,0
1047,-8.473243086878899,-0.0111339,0
1048,-3.1341634829003056,-0.015424200000000002,0
1049,-8.473243086878899,-0.0100118,0
1050,-8.247090216288601,-0.054730499999999994,0
1051,-11.850309983846266,-0.0201791,0
1052,-11.850309983846266,0.0001016,0
1053,-11.850309983846266,-1.44e-08,0
1054,-11.850309983846266,-0.0006447,0
1055,-11.850309983846266,-0.0027739,0
1056,-11.850309983846266,-0.0030726,0
1057,-11.850309983846266,-0.001384955494159317,0
1058,-5.645182879662353,0.0051032,0
1059,-5.645182879662353,0.0051893,0
1060,-5.645182879662353,-0.034794,0
1061,-5.645182879662353,-0.034675199999999996,0
1062,-4.440127272311443,-0.09610700000000001,0
1063,-5.645182879662353,-0.0215115,0
1064,-5.645182879662353,-0.019016400000000003,0
1065,-5.645182879662353,-0.0213858,0
1066,-4.440127272311443,-0.0752283,0
1067,-4.440127272311443,-0.0752187,0
1068,-5.645182879662353,-0.001384955494159317,0
1069,-1.0998771009807542,-0.0213457,0
1070,-1.0998771009807542,-0.007577899999999999,0
1071,-2.7171165711570437,-0.014434899999999999,0
1072,-1.0998771009807542,0.009712700000000001,0
1073,-2.7171165711570437,-0.0032468,0
1074,-3.1589327089295933,-0.0060642,0
1075,-1.1853254771651154,-0.0028986,0
1076,-1.1853254771651154,-0.0032632,0
1077,-5.797341465694473,-0.025554900000000002,0
1078,-2.8042877250209,0.0165267,0
1079,-5.4491724461095234,0.044876599999999996,0
1080,-0.9634199662852384,-0.0014705999999999999,0
1081,-0.9634199662852384,-0.0014683,0
1082,-8.674207240694253,-0.020285499999999998,0
1083,-6.418808241620662,0.006547800000000001,0
1084,-6.418808241620662,0.0065407,0
1085,-7.946741779942447,-0.03728,0
1086,-8.674207240694253,-0.0047943000000000005,0
1087,-7.946741779942447,0.0015027999999999999,0
1088,-7.946741779942447,-0.0277986,0
1089,-7.946741779942447,-0.037213800000000005,0
1090,-7.946741779942447,0.0219162,0
1091,-7.946741779942447,-0.0217169,0
1092,-7.946741779942447,0.0014506999999999999,0
1093,-7.946741779942447,-0.0105921,0
1094,-7.946741779942447,-0.026608,0
1095,-7.946741779942447,-0.0198483,0
1096,-8.674207240694253,-0.0197492,0
1097,-6.909987792516082,0.0159363,0
1098,-1.4863266604842356,0.0048933,0
1099,-1.4863266604842356,-0.013470900000000001,0
1100,-6.909987792516082,-0.0119676,0
1101,-6.909987792516082,0.0144025,0
1102,-1.4863266604842356,0.0036339,0
1103,-6.909987792516082,0.0063492,0
1104,-6.909987792516082,0.011137200000000002,0
1105,-6.909987792516082,0.0061958,0
1106,-6.909987792516082,0.011179399999999999,0
1107,-1.4863266604842356,0.0053349,0
1108,-6.909987792516082,0.0025538,0
1109,-6.909987792516082,0.0021475,0
1110,-6.909987792516082,-0.0038544000000000004,0
1111,-6.909987792516082,0.0045341999999999995,0
1112,-6.909987792516082,0.0043755,0
1113,-1.4863266604842356,0.0008408,0
1114,-6.909987792516082,0.0013856,0
1115,-6.909987792516082,0.0013079,0
1116,-1.4863266604842356,-0.0056386000000000006,0
1117,-1.4863266604842356,0.0343586,0
1118,-1.4863266604842356,0.017399599999999998,0
1119,-3.9327739191916753,0.0016468,0
1120,-8.09799445105833,-0.0150239,0
1121,-8.09799445105833,-0.015141299999999998,0
1122,-8.09799445105833,-0.0311932,0
1123,-2.957353563866108,-0.0206295,0
1124,-2.957353563866108,-0.0198488,0
1125,-2.957353563866108,-0.020604900000000002,0
1126,-2.957353563866108,-0.020600900000000002,0
1127,-2.957353563866108,-0.0205433,0
1128,-10.33875616309452,0.0020774,0
1129,-7.684680925914887,-0.0087366,0
1130,-28.631327620716878,0.0022918,0
1131,-8.763130391457254,0.0030234000000000003,0
1132,-28.631327620716878,0.0031483,0
1133,-28.631327620716878,0.0021848,0
1134,-28.631327620716878,0.0022478000000000003,0
1135,-8.763130391457254,0.0186916,0
1136,-8.763130391457254,-0.0251539,0
1137,-8.763130391457254,0.003679,0
1138,-3.1743922005714,-0.0761126,0
1139,-8.763130391457254,-0.0554036,0
1140,-8.763130391457254,-0.0710173,0
1141,-8.763130391457254,-0.05524930000000001,0
1142,-4.303104998663197,0.0033512,0
1143,-8.763130391457254,-0.056027999999999994,0
1144,-4.303104998663197,-0.013692600000000001,0
1145,-8.763130391457254,-0.0815964,0
1146,-8.763130391457254,-0.0475031,0
1147,-8.763130391457254,0.0015895,0
1148,-28.631327620716878,0.0014953,0
1149,-4.303104998663197,0.0003967,0
1150,-8.763130391457254,0.000322,0
1151,-6.463789240198183,0.0010015,0
1152,-13.65456699163105,0.0019542,0
1153,-4.111748226542199,-0.049751199999999995,0
1154,-5.774933688895383,-0.043053100000000004,0
1155,-5.774933688895383,-0.07862319999999999,0
1156,-4.111748226542199,-0.0476875,0
1157,-5.774933688895383,-0.0358539,0
1158,-5.774933688895383,-0.0902987,0
1159,-4.111748226542199,-0.064419,0
1160,-6.572489009348904,-0.015438200000000001,0
1161,-4.111748226542199,-0.0909517,0
1162,-4.111748226542199,-0.0561735,0
1163,-13.980996015959091,-0.09016389999999999,0
1164,-4.111748226542199,-0.018262,0
1165,-13.65456699163105,0.0016399000000000001,0
1166,-2.019071198322863,-0.0940442,0
1167,-6.572489009348904,-0.0695926,0
1168,-2.019071198322863,-0.0190678,0
1169,-2.019071198322863,-0.0054293,0
1170,-2.019071198322863,0.0159067,0
1171,-2.019071198322863,-0.0930451,0
1172,-13.980996015959091,-0.0510295,0
1173,-2.2525050557140305,-0.001384955494159317,0
1174,-7.385595904942316,-0.0285536,0
1175,-7.385595904942316,0.000848,0
1176,-10.924872662193286,-0.0306971,0
1177,-4.5528265970921975,-0.07328539999999999,0
1178,-4.5528265970921975,-0.07379889999999999,0
1179,-4.5528265970921975,-0.0737712,0
1180,-4.5528265970921975,-0.0736944,0
1181,-4.5528265970921975,-0.0737032,0
1182,-4.5528265970921975,0.0524862,0
1183,-4.5528265970921975,-0.0086758,0
1184,-4.5528265970921975,-0.008784,0
1185,-5.351627511149326,-0.07258289999999999,0
1186,-4.5528265970921975,6e-09,0
1187,-4.5528265970921975,0.0009042,0
1188,-4.5528265970921975,8.09e-09,0
1189,-4.5528265970921975,-5.3e-09,0
1190,-4.5528265970921975,0.0143678,0
1191,-4.5528265970921975,-0.0601641,0
1192,-4.5528265970921975,0.0141503,0
1193,-4.5528265970921975,-0.0722592,0
1194,-4.5528265970921975,0.0079086,0
1195,-11.87990482962611,0.0006851,0
1196,-2.1571246028772784,-0.0780642,0
1197,-2.1571246028772784,-0.07805060000000001,0
1198,-11.87990482962611,-0.021031,0
1199,-2.1571246028772784,-0.07534249999999999,0
1200,-2.1571246028772784,-0.07466669999999999,0
1201,-11.609799781425938,0.0016579999999999998,0
1202,-11.609799781425938,0.0016954999999999997,0
1203,-18.53561073978095,-0.016783900000000004,0
1204,-4.938571344183606,-0.055777999999999994,0
1205,-18.53561073978095,-0.0063045,0
1206,-4.938571344183606,0.0050149999999999995,0
1207,-18.53561073978095,0.0169492,0
1208,-18.53561073978095,0.0170015,0
1209,-4.938571344183606,0.0097238,0
1210,-18.53561073978095,-0.0171581,0
1211,-11.609799781425938,0.0046823,0
1212,-11.609799781425938,0.0009919,0
1213,-11.609799781425938,0.0008368000000000001,0
1214,-11.609799781425938,0.0009222000000000001,0
1215,-11.609799781425938,0.0010569000000000002,0
1216,-11.609799781425938,0.004843500000000001,0
1217,-11.609799781425938,-0.00024209999999999998,0
1218,-11.609799781425938,0.0018213,0
1219,-7.622850407416746,0.0014487,0
1220,-6.725378129623053,-0.009496,0
1221,-3.048656237163568,0.0014482999999999998,0
1222,-8.014419513093204,0.0009687000000000001,0
1223,-1.6517443935315166,0.0009355,0
1224,-1.6517443935315166,-0.0346741,0
1225,-1.6517443935315166,0.0007355,0
1226,-1.6517443935315166,0.003101,0
1227,-8.014419513093204,-0.0126763,0
1228,-1.6517443935315166,-0.0323993,0
1229,-1.6517443935315166,0.0010299,0
1230,-1.6517443935315166,-0.0324544,0
1231,-1.6517443935315166,-0.033507800000000004,0
1232,-14.628110892298274,0.0053111,0
1233,-14.628110892298274,0.0053435,0
1234,-0.8556816183998693,-0.006734,0
1235,-1.9808332721445443,-0.0130295,0
1236,-1.9808332721445443,-0.0072188999999999994,0
1237,-1.9808332721445443,-0.0121384,0
1238,-1.9808332721445443,-0.012995600000000001,0
1239,-1.9808332721445443,-0.0120366,0
1240,-1.9808332721445443,-0.0073212,0
1241,-3.14649345268637,-0.0035475000000000003,0
1242,-1.9808332721445443,-0.012886000000000002,0
1243,-13.342346552846186,-0.0443686,0
1244,-13.342346552846186,-0.05242080000000001,0
1245,-13.342346552846186,-0.0444359,0
1246,-13.342346552846186,-0.0523341,0
1247,-6.435103917150727,-0.0422828,0
1248,-6.435103917150727,-0.046654400000000006,0
1249,-13.342346552846186,0.000505,0
1250,-13.342346552846186,0.0004067,0
1251,-13.342346552846186,-0.0407125,0
1252,-6.435103917150727,-0.0545177,0
1253,-6.435103917150727,-0.0622687,0
1254,-13.342346552846186,-0.0696881,0
1255,-13.342346552846186,-0.0404858,0
1256,-13.342346552846186,-0.0018507,0
1257,-6.452516862143992,0.0007699,0
1258,-6.452516862143992,0.0008612,0
1259,-6.435103917150727,-0.044273900000000005,0
1260,-6.452516862143992,-0.0113096,0
1261,-13.342346552846186,-0.051849400000000004,0
1262,-6.435103917150727,-0.0538135,0
1263,-6.435103917150727,-0.0713141,0
1264,-13.342346552846186,-0.0519573,0
1265,-6.452516862143992,-0.0062463,0
1266,-6.435103917150727,-0.0468457,0
1267,-4.312589363674018,0.0007747000000000001,0
1268,-4.312589363674018,-0.0450116,0
1269,-13.342346552846186,-0.0751073,0
1270,-0.8402443814763444,8.48e-05,0
1271,-0.8402443814763444,8.22e-10,0
1272,-2.6620414615456487,-0.0527425,0
1273,-2.6620414615456487,-0.0251019,0
1274,-2.6620414615456487,-0.06469730000000001,0
1275,-0.8402443814763444,-0.0354737,0
1276,-0.8402443814763444,-0.046213599999999994,0
1277,-0.8402443814763444,-0.0281955,0
1278,-0.8402443814763444,-0.0288678,0
1279,-0.8402443814763444,0.0008254,0
1280,-0.8402443814763444,0.0008172,0
1281,-4.5271657370524885,0.0014945,0
1282,-4.5271657370524885,-0.010923299999999999,0
1283,-4.5271657370524885,-0.1256493,0
1284,-3.3544027926209674,-0.1181982,0
1285,-4.5271657370524885,0.0198627,0
1286,-3.3544027926209674,-0.0802879,0
1287,-3.3544027926209674,-0.1020725,0
1288,-4.5271657370524885,-0.1032258,0
1289,-4.5271657370524885,-0.1397225,0
1290,-4.5271657370524885,-0.142621,0
1291,-4.5271657370524885,-0.0058617,0
1292,-3.3544027926209674,-0.1541763,0
1293,-3.3544027926209674,-0.1349745,0
1294,-3.3544027926209674,-0.143083,0
1295,-4.5271657370524885,-0.1024677,0
1296,-3.3544027926209674,-0.14011629999999997,0
1297,-4.5271657370524885,-0.1082484,0
1298,-4.5271657370524885,-0.1483455,0
1299,-0.8538060599948144,-0.0582702,0
1300,-4.04781178679365,-0.0875137,0
1301,-4.04781178679365,-0.0248768,0
1302,-0.8538060599948144,-0.025562099999999997,0
1303,-0.8538060599948144,-0.0956901,0
1304,-0.8538060599948144,0.0011710000000000002,0
1305,-0.8538060599948144,0.0012702,0
1306,-2.51851769120306,-0.1711945,0
1307,-2.51851769120306,-0.15523270000000003,0
1308,-2.51851769120306,-0.16502579999999997,0
1309,-0.7853930101743375,0.0015456,0
1310,-0.7853930101743375,-0.0762099,0
1311,-0.7853930101743375,-0.0525302,0
1312,-0.7853930101743375,-0.0590696,0
1313,-0.7853930101743375,-0.0293132,0
1314,-5.547680980286835,-0.05430369999999999,0
1315,-0.7853930101743375,0.0008834,0
1316,-0.7853930101743375,-0.0367139,0
1317,-14.491325850508606,-0.08407510000000001,0
1318,-5.547680980286835,-0.0651967,0
1319,-14.491325850508606,-0.0907975,0
1320,-2.639922424975293,0.0144858,0
1321,-2.639922424975293,0.013890399999999999,0
1322,-2.639922424975293,0.015410399999999998,0
1323,-2.639922424975293,0.0100191,0
1324,-19.143112106727163,-0.00014169999999999997,0
1325,-19.143112106727163,-0.0211726,0
1326,-2.639922424975293,-0.0049455,0
1327,-19.143112106727163,-0.054700599999999995,0
1328,-19.143112106727163,0.0034591,0
1329,-19.143112106727163,9.27e-05,0
1330,-4.08171135349243,0.0011223,0
1331,-4.08171135349243,0.0015095999999999998,0
1332,-4.08171135349243,0.0010337999999999999,0
1333,-5.16300499580343,0.0010809,0
1334,-1.253602789389056,0.07470510000000001,0
1335,-5.16300499580343,0.0559187,0
1336,-5.16300499580343,0.0563515,0
1337,-4.08171135349243,0.0,0
1338,-4.08171135349243,0.0008599,0
1339,-4.08171135349243,0.0007689,0
1340,-5.16300499580343,0.0080727,0
1341,-8.38823528657933,0.016988999999999997,0
1342,-9.568613420037174,0.11574580000000001,0
1343,-4.739636724548411,0.0015325999999999998,0
1344,-4.739636724548411,0.00038500000000000003,0
1345,-4.739636724548411,0.007373,0
1346,-1.3203319655488308,-0.038282199999999995,0
1347,-5.047852515285354,0.0029341,0
1348,-5.047852515285354,0.0012418,0
1349,-5.047852515285354,0.0010567999999999999,0
1350,-5.047852515285354,-0.001384955494159317,0
1351,-18.027987007022254,-0.0089262,0
1352,-18.027987007022254,0.0040965,0
1353,-18.027987007022254,0.055737699999999994,0
1354,-18.027987007022254,0.0662595,0
1355,-18.027987007022254,0.0010093,0
1356,-18.027987007022254,-0.0060278,0
1357,-18.027987007022254,0.0331294,0
1358,-18.027987007022254,0.037960400000000005,0
1359,-18.027987007022254,0.014040100000000002,0
1360,-4.907030642479568,-0.0275132,0
1361,-0.810135327985749,-0.0062216,0
1362,-0.810135327985749,-0.006637899999999999,0
1363,-7.093743373547674,0.0019505,0
1364,-10.409724776278145,0.0418745,0
1365,-10.409724776278145,0.0418841,0
1366,-10.409724776278145,0.021857599999999998,0
1367,-10.409724776278145,0.036458300000000006,0
1368,-10.409724776278145,0.036972000000000005,0
1369,-7.093743373547674,0.0343469,0
1370,-7.093743373547674,0.0011634,0
1371,-7.093743373547674,0.08146560000000001,0
1372,-7.093743373547674,0.0073363,0
1373,-7.678672552045794,0.0396501,0
1374,-7.678672552045794,0.0792341,0
1375,-0.9117432244814064,0.0190975,0
1376,-0.9117432244814064,0.0214396,0
1377,-7.678672552045794,0.0544337,0
1378,-7.678672552045794,0.018316299999999997,0
1379,-0.9117432244814064,0.009937200000000002,0
1380,-16.602627243896304,0.0031808000000000006,0
1381,-12.480902109128811,-0.0060423000000000004,0
1382,-7.476271885381662,0.0171078,0
1383,-7.476271885381662,0.0245048,0
1384,-12.480902109128811,0.0059978,0
1385,-4.300580578390767,0.0030349,0
1386,-4.300580578390767,0.0011386,0
1387,-4.300580578390767,0.0060021,0
1388,-16.602627243896304,0.0196511,0
1389,-4.300580578390767,-0.0015283,0
1390,-12.480902109128811,0.0109834,0
1391,-16.602627243896304,0.0010339000000000001,0
1392,-16.602627243896304,0.0010232999999999998,0
1393,-16.602627243896304,0.0010039,0
1394,-16.602627243896304,0.0244014,0
1395,-16.602627243896304,0.0104656,0
1396,-16.602627243896304,0.006683800000000001,0
1397,-12.480902109128811,-0.0102587,0
1398,-12.480902109128811,-0.0115696,0
1399,-15.334273917556214,0.0025778000000000003,0
1400,-15.334273917556214,0.0215451,0
1401,-15.334273917556214,0.011204299999999999,0
1402,-15.334273917556214,0.0575117,0
1403,-15.334273917556214,0.0672078,0
1404,-15.334273917556214,0.001849,0
1405,-15.334273917556214,0.0109847,0
1406,-15.334273917556214,0.0081362,0
1407,-15.334273917556214,-0.0089855,0
1408,-7.021859663121695,0.04333819999999999,0
1409,-7.021859663121695,0.0394129,0
1410,-7.021859663121695,0.0251239,0
1411,-6.370633971354412,0.0186972,0
1412,-1.1064226778302648,0.0011264,0
1413,-1.1064226778302648,0.0011394,0
1414,-1.1064226778302648,-0.0192242,0
1415,-1.1064226778302648,-0.017368400000000003,0
1416,-1.1064226778302648,-0.0150649,0
1417,-1.1064226778302648,-0.0201179,0
1418,-1.1064226778302648,-0.020105500000000002,0
1419,-17.021510710126588,0.0005797999999999999,0
1420,-17.021510710126588,0.000676,0
1421,-17.021510710126588,0.000487,0
1422,-17.021510710126588,0.0006853,0
1423,-17.021510710126588,0.0006852000000000001,0
1424,-17.021510710126588,0.0007822,0
1425,-17.021510710126588,0.0007751,0
1426,-0.4690571196716069,0.000859,0
1427,-0.4690571196716069,0.0009288,0
1428,-6.485716042791418,-0.0262203,0
1429,-2.987784523341145,0.0008640000000000001,0
1430,-2.987784523341145,0.0008624,0
1431,-6.485716042791418,-0.022842599999999998,0
1432,-6.485716042791418,-0.0208675,0
1433,-6.485716042791418,-0.0209331,0
1434,-0.4690571196716069,0.0006392,0
1435,-0.4690571196716069,0.0007231,0
1436,-5.7131598032247375,-0.0321795,0
1437,-5.7131598032247375,0.0139179,0
1438,-5.7131598032247375,-0.012991299999999999,0
1439,-0.27458370181582226,-0.0100435,0
1440,-5.7131598032247375,-0.0240039,0
1441,-0.27458370181582226,-0.009976299999999999,0
1442,-16.003425631864932,-0.009045000000000001,0
1443,-16.003425631864932,-0.0154333,0
1444,-1.5555384403203665,0.0574837,0
1445,-8.056063898780348,0.0252265,0
1446,-8.056063898780348,9.31e-10,0
1447,-8.056063898780348,0.0263233,0
1448,-8.056063898780348,0.026414,0
1449,-8.056063898780348,0.0040164,0
1450,-13.688081611643135,0.0118162,0
1451,-8.57938581392581,0.0695721,0
1452,-8.57938581392581,0.0007708999999999999,0
1453,-8.57938581392581,0.0486227,0
1454,-8.57938581392581,0.0569439,0
1455,-8.57938581392581,0.039740199999999996,0
1456,-15.324786517205055,-0.00027749999999999997,0
1457,-15.324786517205055,-0.0001916,0
1458,-15.324786517205055,0.09473999999999999,0
1459,-15.324786517205055,0.0482088,0
1460,-15.324786517205055,0.0312936,0
1461,-15.324786517205055,0.06185369999999999,0
1462,-15.324786517205055,-0.0009396000000000001,0
1463,-15.324786517205055,0.0022324000000000003,0
1464,-1.3282529335327726,0.0065863,0
1465,-1.3282529335327726,0.006461700000000001,0
1466,-1.3282529335327726,0.0066684,0
1467,-3.3671327629604035,0.007422,0
1468,-3.3671327629604035,-0.0002339,0
1469,-3.3671327629604035,0.037704699999999994,0
1470,-3.3671327629604035,0.0377594,0
1471,-3.3671327629604035,0.007477600000000001,0
1472,-2.5210041072242366,0.0240105,0
1473,-2.5210041072242366,0.023687299999999998,0
1474,-10.99569586142933,0.0252157,0
1475,-2.5210041072242366,0.0556293,0
1476,-10.99569586142933,0.0228073,0
1477,-10.99569586142933,0.0453791,0
1478,-2.5210041072242366,0.0470864,0
1479,-2.5210041072242366,0.0494798,0
1480,-3.6832228734509216,0.0581479,0
1481,-10.99569586142933,0.0731329,0
1482,-3.6832228734509216,0.0599721,0
1483,-10.99569586142933,0.0085728,0
1484,-3.6832228734509216,0.0003747,0
1485,-3.6832228734509216,-9.300000000000001e-05,0
1486,-1.9393423756603765,0.0355551,0
1487,-10.99569586142933,0.0008801999999999999,0
1488,-10.99569586142933,0.037121,0
1489,-1.9393423756603765,0.057846,0
1490,-10.99569586142933,-0.0074191000000000005,0
1491,-1.9393423756603765,-0.001384955494159317,0
1492,-10.480103907625724,0.0007961,0
1493,-5.0972631596736395,0.0065447000000000005,0
1494,-5.0972631596736395,-0.0016573,0
1495,-5.0972631596736395,0.018794599999999998,0
1496,-5.0972631596736395,0.0188915,0
1497,-5.0972631596736395,0.039707,0
1498,-5.0972631596736395,0.00018140000000000002,0
1499,-10.480103907625724,0.00029,0
1500,-3.37391623647602,0.0472432,0
1501,-3.37391623647602,0.0019879000000000003,0
1502,-10.480103907625724,6.159999999999999e-05,0
1503,-10.480103907625724,6.21e-05,0
1504,-10.480103907625724,0.0478585,0
1505,-3.37391623647602,-0.013228899999999998,0
1506,-3.37391623647602,-0.0100749,0
1507,-4.081112789065612,-0.0047833,0
1508,-6.288312736861519,-0.0016469000000000002,0
1509,-4.081112789065612,-0.0004984,0
1510,-1.4105720683299592,0.0239171,0
1511,-1.4105720683299592,-0.0058939,0
1512,-4.011552748560153,0.001975,0
1513,-4.011552748560153,0.0013922000000000001,0
1514,-4.011552748560153,-0.0022075,0
1515,-6.288312736861519,0.013544299999999999,0
1516,-4.081112789065612,-0.0178269,0
1517,-6.288312736861519,0.0355722,0
1518,-4.081112789065612,0.0514193,0
1519,-6.288312736861519,0.03539930000000001,0
1520,-6.288312736861519,0.07503439999999999,0
1521,-7.133701103430628,0.009814100000000001,0
1522,-7.133701103430628,0.0026421,0
1523,-0.8372761047950361,-0.007431999999999999,0
1524,-0.8372761047950361,-0.007332899999999999,0
1525,-7.133701103430628,0.0047889,0
1526,-7.133701103430628,0.0002782,0
1527,-7.133701103430628,-0.028598200000000004,0
1528,-15.64567960635764,0.0062905,0
1529,-15.64567960635764,0.0063138000000000005,0
1530,-15.64567960635764,0.0165229,0
1531,-5.173257342548767,0.00046879999999999996,0
1532,-5.173257342548767,0.0054458,0
1533,-5.173257342548767,0.052823400000000006,0
1534,-5.173257342548767,0.0603586,0
1535,-10.118785610798064,0.0078292,0
1536,-5.173257342548767,-0.026512599999999997,0
1537,-5.173257342548767,0.0227963,0
1538,-5.173257342548767,0.009086799999999999,0
1539,-10.118785610798064,0.00010090000000000001,0
1540,-10.118785610798064,-1.4000000000000001e-09,0
1541,-10.118785610798064,0.0006395,0
1542,-5.173257342548767,0.0044167,0
1543,-5.173257342548767,0.0125584,0
1544,-5.173257342548767,0.030889499999999997,0
1545,-5.173257342548767,0.0004692,0
1546,-5.173257342548767,0.00046429999999999996,0
1547,-5.173257342548767,0.0006379,0
1548,-5.173257342548767,0.0044666,0
1549,-5.173257342548767,0.030591200000000002,0
1550,-5.173257342548767,0.029742200000000003,0
1551,-5.173257342548767,0.0232587,0
1552,-5.173257342548767,0.0040571,0
1553,-5.173257342548767,0.0088777,0
1554,-5.173257342548767,0.046343800000000004,0
1555,-0.9507219135156962,0.0294154,0
1556,-2.7002531187739582,-0.0022921,0
1557,-2.7002531187739582,0.0258149,0
1558,-2.7002531187739582,-0.07674389999999999,0
1559,-2.7002531187739582,-0.0332889,0
1560,-3.909392752047326,0.0241456,0
1561,-0.9507219135156962,0.023172799999999997,0
1562,-3.909392752047326,0.0242769,0
1563,-0.507829762368576,0.0407467,0
1564,-0.507829762368576,0.0254508,0
1565,-2.7002531187739582,0.0027139,0
1566,-2.7002531187739582,0.003563,0
1567,-5.337770601102954,0.00044830000000000005,0
1568,-5.337770601102954,0.0280783,0
1569,-5.337770601102954,-0.0112544,0
1570,-2.7002531187739582,0.026089099999999997,0
1571,-1.0415928890278299,0.0557188,0
1572,-5.337770601102954,-0.0148268,0
1573,-2.7002531187739582,0.0578476,0
1574,-2.7002531187739582,0.0124399,0
1575,-5.337770601102954,0.05712130000000001,0
1576,-2.7002531187739582,0.0196534,0
1577,-2.7002531187739582,0.023280000000000002,0
1578,-2.7002531187739582,-0.0163376,0
1579,-5.337770601102954,0.0285322,0
1580,-2.7002531187739582,0.03793169999999999,0
1581,-5.337770601102954,0.0423478,0
1582,-2.7002531187739582,0.029573099999999998,0
1583,-5.337770601102954,0.0641442,0
1584,-5.337770601102954,0.022069599999999998,0
1585,-2.7002531187739582,0.0391169,0
1586,-5.337770601102954,-0.0496627,0
1587,-2.123324479805162,0.0233918,0
1588,-3.909392752047326,0.0005225,0
1589,-3.909392752047326,0.0005222,0
1590,-2.123324479805162,0.0232108,0
1591,-2.7002531187739582,-0.0001655,0
1592,-2.123324479805162,0.024480500000000002,0
1593,-16.118058615687268,0.0009162,0
1594,-16.118058615687268,0.007942699999999999,0
1595,-6.777544980114362,0.03994330000000001,0
1596,-6.777544980114362,0.0274601,0
1597,-6.777544980114362,0.061552499999999996,0
1598,-16.118058615687268,0.0231947,0
1599,-16.118058615687268,0.025678899999999998,0
1600,-16.118058615687268,0.030662000000000002,0
1601,-16.118058615687268,0.010962399999999999,0
1602,-16.118058615687268,0.035,0
1603,-16.118058615687268,0.0048998,0
1604,-16.118058615687268,0.0238095,0
1605,-16.118058615687268,0.0030383000000000003,0
1606,-16.118058615687268,0.0003753,0
1607,-16.118058615687268,0.000557,0
1608,-16.118058615687268,0.0007287999999999999,0
1609,-16.118058615687268,0.04568730000000001,0
1610,-16.118058615687268,0.016233,0
1611,-16.118058615687268,0.039689800000000004,0
1612,-6.777544980114362,0.048441000000000005,0
1613,-6.777544980114362,0.0491916,0
1614,-16.118058615687268,0.013386700000000001,0
1615,-16.118058615687268,0.0256668,0
1616,-16.118058615687268,0.011692000000000001,0
1617,-16.118058615687268,0.032864199999999996,0
1618,-16.118058615687268,0.026264099999999995,0
1619,-16.118058615687268,0.0488375,0
1620,-6.777544980114362,0.0486222,0
1621,-16.118058615687268,0.0029464,0
1622,-8.87505040197823,0.0221439,0
1623,-16.352646962520293,0.0201184,0
1624,-18.162548672396134,0.020559900000000002,0
1625,-18.162548672396134,-0.0098007,0
1626,-16.352646962520293,0.0007731,0
1627,-19.191507494768214,0.0386823,0
1628,-19.191507494768214,-0.0216826,0
1629,-19.191507494768214,-0.0217245,0
1630,-16.352646962520293,0.0736854,0
1631,-18.162548672396134,-0.0630424,0
1632,-19.191507494768214,0.0386135,0
1633,-0.5877336071156208,0.0011829,0
1634,-0.5877336071156208,0.0016012,0
1635,-10.467574443583663,0.0448754,0
1636,-10.467574443583663,0.0577577,0
1637,-10.467574443583663,0.057764499999999996,0
1638,-10.467574443583663,0.06044069999999999,0
1639,-25.30243013659427,0.008145399999999999,0
1640,-25.30243013659427,0.0465692,0
1641,-25.30243013659427,0.0438998,0
1642,-5.0581949947327525,0.0386601,0
1643,-5.0581949947327525,0.016518900000000003,0
1644,-25.30243013659427,0.046476800000000006,0
1645,-25.30243013659427,0.0451702,0
1646,-25.30243013659427,0.0602494,0
1647,-5.0581949947327525,0.0385769,0
1648,-5.0581949947327525,0.016581099999999998,0
1649,-5.0581949947327525,0.041949,0
1650,-5.0581949947327525,-0.002356,0
1651,-25.30243013659427,0.021665,0
1652,-5.0581949947327525,0.024793400000000004,0
1653,-5.0581949947327525,0.041666699999999994,0
1654,-5.0581949947327525,-0.0023407,0
1655,-5.0581949947327525,0.0248588,0
1656,-5.0581949947327525,0.0026542,0
1657,-25.30243013659427,0.0078797,0
1658,-25.30243013659427,0.09300030000000001,0
1659,-5.0581949947327525,0.0003906,0
1660,-25.30243013659427,0.0002813,0
1661,-25.30243013659427,0.00045519999999999995,0
1662,-5.0581949947327525,0.0003898,0
1663,-25.30243013659427,0.00037119999999999997,0
1664,-5.0581949947327525,0.030740800000000002,0
1665,-25.30243013659427,0.0432735,0
1666,-25.30243013659427,0.0371524,0
1667,-25.30243013659427,-0.011148100000000001,0
1668,-1.5871199869904222,0.0740534,0
1669,-25.30243013659427,0.07332260000000002,0
1670,-25.30243013659427,0.035393400000000005,0
1671,-25.30243013659427,0.0429576,0
1672,-25.30243013659427,0.0080658,0
1673,-1.5871199869904222,0.0780416,0
1674,-25.30243013659427,0.0273185,0
1675,-5.0581949947327525,0.0306692,0
1676,-1.5871199869904222,0.07909169999999999,0
1677,-1.5871199869904222,0.0748865,0
1678,-1.5871199869904222,0.0749298,0
1679,-5.0581949947327525,0.033482300000000007,0
1680,-5.0581949947327525,0.033532599999999996,0
1681,-2.3578414891392216,0.0003862,0
1682,-6.816351527643375,-0.015103299999999998,0
1683,-6.816351527643375,0.0226957,0
1684,-6.816351527643375,0.0220203,0
1685,-4.423156803980082,-0.0080458,0
1686,-9.13325877186894,0.0144891,0
1687,-9.13325877186894,-0.006196,0
1688,-9.13325877186894,-0.037103699999999996,0
1689,-9.13325877186894,-0.0303506,0
1690,-4.423156803980082,0.000364,0
1691,-4.423156803980082,0.0002783,0
1692,-1.677496305993605,0.0295954,0
1693,-9.13325877186894,0.0007297,0
1694,-4.423156803980082,0.0021547,0
1695,-4.423156803980082,-0.03130209999999999,0
1696,-9.13325877186894,-0.030488499999999998,0
1697,-9.13325877186894,0.00735,0
1698,-9.13325877186894,0.000341,0
1699,-3.800504668173732,0.0003067,0
1700,-8.100478141453982,0.0001733,0
1701,-8.100478141453982,0.00017180000000000003,0
1702,-3.800504668173732,0.04865119999999999,0
1703,-8.100478141453982,0.0002543,0
1704,-8.100478141453982,0.0003375,0
1705,-8.100478141453982,0.00027110000000000003,0
1706,-8.100478141453982,0.0002689,0
1707,-3.800504668173732,0.0012887,0
1708,-3.800504668173732,0.013255000000000001,0
1709,-3.800504668173732,-0.0033298000000000004,0
1710,-3.800504668173732,-0.0033022,0
1711,-3.800504668173732,0.0165975,0
1712,-3.800504668173732,0.006169399999999999,0
1713,-3.800504668173732,-0.0074741,0
1714,-3.800504668173732,-0.0012124,0
1715,-3.800504668173732,-0.007277,0
1716,-3.800504668173732,9.549999999999999e-05,0
1717,-3.800504668173732,9.609999999999999e-05,0
1718,-8.565872571216607,-0.00018700000000000002,0
1719,-8.565872571216607,0.046276300000000006,0
1720,-2.1045442556033342,-0.042411000000000004,0
1721,-2.1045442556033342,0.027474000000000002,0
1722,-2.1045442556033342,0.0508327,0
1723,-3.032026897528452,0.0072144999999999996,0
1724,-3.032026897528452,0.0072235,0
1725,-9.464861145919473,7.94e-05,0
1726,-9.464861145919473,-0.0003733,0
1727,-3.032026897528452,0.0207115,0
1728,-9.464861145919473,0.0766301,0
1729,-3.032026897528452,-0.0038501999999999994,0
1730,-3.032026897528452,-0.0040203,0
1731,-8.565872571216607,0.042880400000000006,0
1732,-2.1045442556033342,-0.0273351,0
1733,-8.565872571216607,-0.042096100000000004,0
1734,-2.1045442556033342,-0.018825,0
1735,-2.1045442556033342,0.0495728,0
1736,-2.1045442556033342,-0.0232024,0
1737,-2.1045442556033342,0.047113,0
1738,-8.565872571216607,-0.032094599999999994,0
1739,-8.565872571216607,0.0004687,0
1740,-8.565872571216607,0.0265254,0
1741,-8.565872571216607,0.011494299999999999,0
1742,-2.6062693416229488,-0.031747199999999996,0
1743,-2.6062693416229488,0.0224747,0
1744,-2.6062693416229488,-0.0034249000000000003,0
1745,-2.6062693416229488,-0.0048277,0
1746,-5.673742623183461,0.0102921,0
1747,-2.6062693416229488,0.020925,0
1748,-5.673742623183461,0.04844980000000001,0
1749,-5.480944779964872,0.0011401,0
1750,-8.58911996601966,9.779999999999999e-05,0
1751,-5.480944779964872,0.0016243,0
1752,-5.480944779964872,0.0009568999999999999,0
1753,-8.58911996601966,0.00018940000000000002,0
1754,-5.480944779964872,0.0016082999999999998,0
1755,-5.480944779964872,7.070000000000001e-09,0
1756,-2.9710281130365304,-0.0283255,0
1757,-2.9710281130365304,-0.0254303,0
1758,-5.480944779964872,0.0014079000000000001,0
1759,-5.480944779964872,-0.0231006,0
1760,-5.480944779964872,-0.0172315,0
1761,-2.9710281130365304,-0.0314052,0
1762,-5.480944779964872,-0.021131099999999996,0
1763,-5.480944779964872,-0.016802599999999997,0
1764,-2.9710281130365304,-0.03797380000000001,0
1765,-5.480944779964872,-0.0247173,0
1766,-5.480944779964872,-0.024555900000000002,0
1767,-5.480944779964872,-0.0247568,0
1768,-2.9710281130365304,-0.0523124,0
1769,-5.480944779964872,-0.0246161,0
1770,-5.480944779964872,0.0010178,0
1771,-5.480944779964872,0.0010987,0
1772,-8.58911996601966,-0.0430951,0
1773,-3.8708343777030234,-0.0475475,0
1774,-2.9710281130365304,-0.030905400000000003,0
1775,-8.58911996601966,-0.0430392,0
1776,-3.8708343777030234,-0.0351547,0
1777,-5.673794857056945,-0.0330999,0
1778,-5.673794857056945,-0.0364625,0
1779,-10.635651181292731,-0.015257699999999999,0
1780,-10.635651181292731,-0.06269730000000001,0
1781,-10.635651181292731,-0.055480299999999996,0
1782,-10.635651181292731,-0.0626984,0
1783,-4.134036450808901,-0.0484621,0
1784,-4.134036450808901,-0.040443,0
1785,-10.635651181292731,-0.0694172,0
1786,-10.635651181292731,-0.04335069999999999,0
1787,-10.635651181292731,-0.0561063,0
1788,-10.635651181292731,-0.056013099999999996,0
1789,-10.635651181292731,-0.0695071,0
1790,-10.635651181292731,-0.045343,0
1791,-10.635651181292731,-0.067753,0
1792,-10.635651181292731,-0.0013029,0
1793,-10.635651181292731,-0.0599062,0
1794,-4.134036450808901,0.0008734999999999999,0
1795,-10.635651181292731,0.0010688,0
1796,-10.635651181292731,0.0009792,0
1797,-4.728769704429325,-0.0123715,0
1798,-4.728769704429325,-0.044327099999999994,0
1799,-4.728769704429325,-0.0141844,0
1800,-4.728769704429325,-0.0287241,0
1801,-4.728769704429325,-0.023761900000000002,0
1802,-4.728769704429325,-0.0356176,0
1803,-4.728769704429325,-0.0355639,0
1804,-5.5648564877313484,-0.0233047,0
1805,-11.89814305766077,-0.026932099999999997,0
1806,-11.89814305766077,-0.035048800000000005,0
1807,-11.89814305766077,-0.0351533,0
1808,-11.89814305766077,-0.0270916,0
1809,-5.5648564877313484,0.0031579999999999998,0
1810,-5.5648564877313484,-0.0313589,0
1811,-5.5648564877313484,-0.0313761,0
1812,-11.89814305766077,-0.026624400000000003,0
1813,-11.89814305766077,-0.0162537,0
1814,-5.5648564877313484,-0.011962,0
1815,-11.89814305766077,-0.0150403,0
1816,-11.89814305766077,-0.015134700000000001,0
1817,-11.89814305766077,0.0007786000000000001,0
1818,-11.89814305766077,-0.026381900000000003,0
1819,-11.89814305766077,-0.016402299999999998,0
1820,-11.89814305766077,0.0007732,0
1821,-11.89814305766077,0.0017329999999999997,0
1822,-16.749539302478233,0.004247399999999999,0
1823,-5.5648564877313484,-0.0035061,0
1824,-5.5648564877313484,-0.04221369999999999,0
1825,-5.5648564877313484,-0.042246399999999996,0
1826,-11.89814305766077,0.0009735,0
1827,-11.89814305766077,0.0009757999999999999,0
1828,-0.8006797265793029,-0.0012135,0
1829,-11.89814305766077,-0.0162701,0
1830,-0.8006797265793029,-0.0446434,0
1831,-0.8006797265793029,-0.0274975,0
1832,-0.8006797265793029,-0.0417404,0
1833,-0.8006797265793029,-0.041783600000000004,0
1834,-11.89814305766077,-0.029474599999999997,0
1835,-11.89814305766077,-0.0415891,0
1836,-11.89814305766077,-0.016104499999999997,0
1837,-0.8006797265793029,-0.0253394,0
1838,-11.89814305766077,-0.0295215,0
1839,-11.89814305766077,-0.041563300000000004,0
1840,-0.8006797265793029,-0.025366099999999996,0
1841,-0.8006797265793029,-0.0011095,0
1842,-5.5648564877313484,-0.0050213,0
1843,-11.446903347206685,-0.0463593,0
1844,-0.7416652318216058,0.019778599999999997,0
1845,-0.7416652318216058,-0.051752,0
1846,-0.7416652318216058,-0.0517033,0
1847,-0.7416652318216058,0.009077600000000002,0
1848,-0.7416652318216058,0.019873500000000002,0
1849,-1.7349831228192096,0.0341093,0
1850,-1.1689427349228396,-0.0057645000000000005,0
1851,-1.1979194158305355,0.016055100000000003,0
1852,-1.9584097324751728,0.0170922,0
1853,-1.1689427349228396,0.025960200000000003,0
1854,-1.1689427349228396,0.0695936,0
1855,-1.1689427349228396,0.06378330000000001,0
1856,-3.9469038055520684,0.0018527,0
1857,-3.9469038055520684,0.0017731,0
1858,-1.1979194158305355,0.001159,0
1859,-1.1689427349228396,0.047552300000000006,0
1860,-1.1689427349228396,0.0270429,0
1861,-1.1689427349228396,0.04755209999999999,0
1862,-1.1689427349228396,-0.008160899999999999,0
1863,-1.1979194158305355,0.006622499999999999,0
1864,-8.226778486894387,0.0040022,0
1865,-3.4961631166022227,0.0181329,0
1866,-8.226778486894387,0.006785800000000001,0
1867,-8.226778486894387,0.0048785,0
1868,-8.226778486894387,0.0131488,0
1869,-8.226778486894387,0.0126152,0
1870,-5.140814775730123,0.0010193,0
1871,-5.140814775730123,-0.0047962,0
1872,-7.967195018928778,0.0228544,0
1873,-5.140814775730123,-0.0068268,0
1874,-5.140814775730123,0.0378755,0
1875,-2.110697654435556,-0.009407299999999999,0
1876,-2.110697654435556,-2.5600000000000003e-09,0
1877,-2.110697654435556,-0.0092949,0
1878,-5.140814775730123,0.0013272,0
1879,-23.97283183084082,-0.0074205,0
1880,-23.97283183084082,-0.00046950000000000003,0
1881,-23.97283183084082,0.0016727,0
1882,-11.435679535934055,0.0016679000000000002,0
1883,-11.435679535934055,0.0016772000000000002,0
1884,-11.435679535934055,0.0019079000000000001,0
1885,-11.435679535934055,0.0019621,0
1886,-1.2609149707626337,-0.0032324,0
1887,-4.40895988004762,-0.0300493,0
1888,-4.40895988004762,-0.030056799999999998,0
1889,-1.2609149707626337,-0.002752,0
1890,-1.2609149707626337,-0.0032965000000000004,0
1891,-10.099455076820018,-0.013451900000000001,0
1892,-4.40895988004762,-0.013304,0
1893,-1.2609149707626337,-0.0027399,0
1894,-10.099455076820018,0.0058795,0
1895,-1.2609149707626337,-0.0039667,0
1896,-10.099455076820018,-0.001384955494159317,0
1897,-22.96567894838245,0.0019192,0
1898,-4.25109060005086,0.00016419999999999998,0
1899,-4.25109060005086,-0.017040200000000002,0
1900,-4.25109060005086,0.0044543,0
1901,-8.768917799826122,0.0043995,0
1902,-4.25109060005086,0.0088235,0
1903,-8.768917799826122,0.0044296000000000006,0
1904,-22.96567894838245,-0.0003413,0
1905,-22.96567894838245,-0.0006866000000000001,0
1906,-22.96567894838245,-0.011525200000000001,0
1907,-8.768917799826122,-0.0031585999999999997,0
1908,-22.96567894838245,8.37e-05,0
1909,-4.25109060005086,-0.0041134,0
1910,-22.96567894838245,-0.011494200000000001,0
1911,-22.96567894838245,0.0006256,0
1912,-4.25109060005086,0.0009645,0
1913,-8.768917799826122,0.0007194,0
1914,-22.96567894838245,-0.0153524,0
1915,-22.96567894838245,-0.0165889,0
1916,-22.96567894838245,-0.0133612,0
1917,-22.96567894838245,0.0186079,0
1918,-22.96567894838245,-0.0174308,0
1919,-0.9332077783741616,-0.0223567,0
1920,-2.3433236081061612,0.0164544,0
1921,-0.9332077783741616,-0.0062464,0
1922,-0.9332077783741616,-0.0094937,0
1923,-0.9332077783741616,-0.0094762,0
1924,-1.8022106731741805,0.004103100000000001,0
1925,-1.8022106731741805,0.0005906,0
1926,-0.9332077783741616,0.0195597,0
1927,-1.8022106731741805,0.0182639,0
1928,-0.9332077783741616,-0.0113274,0
1929,-4.3750924544613135,0.0104442,0
1930,-0.9332077783741616,0.023505099999999998,0
1931,-2.3433236081061612,-0.0007369,0
1932,-0.9332077783741616,-0.0048994,0
1933,-2.3433236081061612,0.0130877,0
1934,-1.8022106731741805,-0.0082249,0
1935,-0.9332077783741616,-0.0076568,0
1936,-0.9332077783741616,-0.0075657,0
1937,-2.012221405179404,0.030206999999999998,0
1938,-4.016307788439201,-0.018087,0
1939,-2.012221405179404,-0.016633900000000004,0
1940,-4.016307788439201,-0.0241209,0
1941,-2.012221405179404,-0.0004207,0
1942,-2.012221405179404,-0.0181237,0
1943,-2.012221405179404,-0.0005525,0
1944,-2.012221405179404,-0.0092488,0
1945,-2.012221405179404,-0.0322399,0
1946,-4.016307788439201,-0.0122095,0
1947,-7.541685098348043,0.0317624,0
1948,-7.135318687128569,0.0017974,0
1949,-8.551855812787517,-0.0112666,0
1950,-8.551855812787517,-0.0112709,0
1951,-8.551855812787517,-0.0108527,0
1952,-21.616781092378197,0.0013456,0
1953,-21.616781092378197,0.0010559,0
1954,-19.394453847860152,0.021239599999999997,0
1955,-19.394453847860152,-0.047826099999999996,0
1956,-8.551855812787517,-0.0395476,0
1957,-21.616781092378197,0.036877099999999996,0
1958,-19.394453847860152,-0.047169800000000005,0
1959,-19.394453847860152,-0.047396100000000004,0
1960,-9.969516854328534,-0.0330974,0
1961,-19.394453847860152,-0.04724880000000001,0
1962,-19.394453847860152,0.0212794,0
1963,-21.616781092378197,-0.0282136,0
1964,-2.9018474636587115,0.0042126,0
1965,-1.6367550223335532,0.0026874000000000004,0
1966,-1.6367550223335532,-0.0214258,0
1967,-3.177567443633982,0.06170880000000001,0
1968,-2.5060855883724944,-0.0216462,0
1969,-2.5060855883724944,-0.0210365,0
1970,-1.6367550223335532,-0.028236900000000002,0
1971,-4.7115860555003,-0.0311682,0
1972,-1.8761359968841296,-0.0308211,0
1973,-1.8761359968841296,-0.030780599999999998,0
1974,-1.8761359968841296,-0.025434400000000003,0
1975,-2.9018474636587115,-0.0344573,0
1976,-1.8761359968841296,-0.0253586,0
1977,-2.5060855883724944,-1.07e-08,0
1978,-3.9368774523089685,0.0013311,0
1979,-11.78409178681155,0.0027223000000000004,0
1980,-3.177567443633982,0.0014065,0
1981,-2.9018474636587115,0.003001,0
1982,-3.9368774523089685,0.0013342,0
1983,-2.9018474636587115,0.0030048,0
1984,-11.78409178681155,0.0016447,0
1985,-11.78409178681155,0.0008142999999999999,0
1986,-1.6367550223335532,-0.0298939,0
1987,-11.78409178681155,-0.009048100000000002,0
1988,-1.6367550223335532,-0.014343200000000002,0
1989,-1.6367550223335532,-0.018259400000000002,0
1990,-1.6367550223335532,0.001768,0
1991,-11.78409178681155,-0.027570499999999998,0
1992,-11.78409178681155,-0.030899700000000002,0
1993,-1.6367550223335532,0.0016557000000000002,0
1994,-1.6367550223335532,0.0011099,0
1995,-1.6367550223335532,0.0006547999999999999,0
1996,-1.6367550223335532,0.0009978,0
1997,-1.8761359968841296,-0.0359896,0
1998,-1.6367550223335532,-0.032314499999999996,0
1999,-1.6367550223335532,-0.0222347,0
2000,-1.6367550223335532,-0.0282241,0
2001,-1.6367550223335532,-0.036358,0
2002,-1.8761359968841296,-0.0229061,0
2003,-1.8761359968841296,-0.0228892,0
2004,-1.6367550223335532,-0.0265952,0
2005,-1.6367550223335532,-0.0150442,0
2006,-1.6367550223335532,-0.0441983,0
2007,-1.8761359968841296,-0.0359299,0
2008,-1.6367550223335532,-0.028858999999999996,0
2009,-10.948740021128831,-0.0306058,0
2010,-4.7115860555003,-0.043180199999999995,0
2011,-4.7115860555003,-0.027491,0
2012,-1.6367550223335532,-0.0249765,0
2013,-4.7115860555003,-0.0312657,0
2014,-2.7232454132669313,-0.0017963,0
2015,-2.7232454132669313,-0.0018105999999999999,0
2016,-2.7232454132669313,-0.0174419,0
2017,-2.7232454132669313,0.02405,0
2018,-2.7232454132669313,-0.017468900000000002,0
2019,-2.7232454132669313,0.0238965,0
2020,-2.7232454132669313,-0.0077544,0
2021,-2.7232454132669313,-0.0077085999999999995,0
2022,-2.7232454132669313,0.0036100999999999998,0
2023,-2.7232454132669313,-0.0061817,0
2024,-2.7232454132669313,0.0007932000000000001,0
2025,-2.7232454132669313,0.0008901,0
2026,-2.7232454132669313,-0.0060474,0
2027,-2.1869059873307104,0.007292,0
2028,-2.1869059873307104,0.0071235,0
2029,-2.1869059873307104,-0.033423900000000006,0
2030,-2.1869059873307104,-0.0334661,0
2031,-1.3839351416348475,-0.03490069999999999,0
2032,-3.4318383398574404,0.0035463,0
2033,-3.4318383398574404,0.034352600000000004,0
2034,-3.4318383398574404,0.0302904,0
2035,-3.4318383398574404,0.0499936,0
0,-0.07347582519660903,0.031243,1
1,-0.07347582519660903,0.018228900000000003,1
2,-1.6857445395267463,0.0563057,1
3,-1.6857445395267463,0.0572828,1
4,-1.6857445395267463,0.049705900000000004,1
5,-1.6857445395267463,0.0341993,1
6,-2.1627314254908137,-0.008124500000000007,1
7,-2.1627314254908137,0.040440099999999986,1
8,-2.1627314254908137,0.0479027,1
9,-2.670266827974669,0.0624818,1
10,-2.670266827974669,0.0324384,1
11,-2.670266827974669,-0.0055045999999999975,1
12,-2.670266827974669,0.062249,1
13,-2.670266827974669,0.051846800000000005,1
14,-1.2424908073780692,0.10733239999999998,1
15,-1.2424908073780692,0.1023412,1
16,-1.2424908073780692,0.06645160000000001,1
17,-1.2424908073780692,0.0836967,1
18,-1.2424908073780692,0.08751919999999999,1
19,-0.010676619943596165,0.06347509999999999,1
20,-9.295834313819645,0.024055,1
21,-9.295834313819645,0.013428799999999998,1
22,-9.295834313819645,0.0056719000000000006,1
23,-9.295834313819645,0.0452507,1
24,-9.295834313819645,0.0112933,1
25,0.13438138788243958,0.14691500000000002,1
26,0.13438138788243958,0.008554899999999997,1
27,0.13438138788243958,0.1452654,1
28,0.13438138788243958,0.15131889999999998,1
29,0.13438138788243958,0.06852269999999999,1
30,0.13438138788243958,0.11303030000000001,1
31,0.13438138788243958,0.1281145,1
32,0.13438138788243958,0.10284220000000001,1
33,0.13438138788243958,0.1150979,1
34,0.13438138788243958,0.1452032,1
35,3.5741529434964163,0.1148326,1
36,3.5741529434964163,0.1147645,1
37,-0.497373925477221,0.095775,1
38,-0.497373925477221,0.0955773,1
39,-0.497373925477221,0.1090349,1
40,-0.497373925477221,0.1357201,1
41,-0.497373925477221,0.1090604,1
42,-0.14267625645276705,0.07476429999999999,1
43,-0.14267625645276705,0.0374107,1
44,-0.50202430482867,0.1025867,1
45,-0.50202430482867,0.073884,1
46,-0.50202430482867,0.10454300000000001,1
47,-0.50202430482867,0.0883191,1
48,-0.50202430482867,0.0612136,1
49,-0.50202430482867,0.0846204,1
50,-4.931238368279127,0.0193778,1
51,-4.931238368279127,0.045776599999999994,1
52,-4.931238368279127,0.09691480000000001,1
53,-4.931238368279127,0.0546856,1
54,-4.931238368279127,-0.021015700000000002,1
55,-4.931238368279127,0.0478872,1
56,-4.931238368279127,0.0297123,1
57,-4.931238368279127,0.0475431,1
58,-3.3716852207300847,0.1113587,1
59,-3.3716852207300847,0.114738,1
60,-3.3716852207300847,0.111404,1
61,-0.14016280252979502,0.0635516,1
62,-0.14016280252979502,0.06941699999999999,1
63,-0.14016280252979502,0.08979960000000001,1
64,-0.14016280252979502,0.0776656,1
65,-0.14016280252979502,0.06087769999999999,1
66,-0.14016280252979502,0.0481687,1
67,0.8301858578631163,0.12871269999999999,1
68,0.10635721259353163,0.0418675,1
69,-2.338267024448073,-0.01692980000000001,1
70,-2.338267024448073,0.0314873,1
71,0.10635721259353163,0.0422716,1
72,0.10635721259353163,0.031644,1
73,-0.7034079846686137,0.0967283,1
74,2.099548343402689,0.134402,1
75,2.099548343402689,0.0720978,1
76,2.099548343402689,0.12383820000000001,1
77,2.099548343402689,0.127676,1
78,-0.8534266793896906,-0.010662799999999998,1
79,-1.903585693498669,0.17462579999999997,1
80,-1.903585693498669,0.15310469999999998,1
81,0.009431018077657602,0.053021900000000004,1
82,0.009431018077657602,0.057210300000000006,1
83,-1.5688209044257098,0.1269699,1
84,-1.2419776181725994,0.0979758,1
85,-1.2419776181725994,0.0954525,1
86,-1.2419776181725994,0.0985659,1
87,-1.0989619572316636,0.07769039999999999,1
88,-1.0989619572316636,0.0609799,1
89,-10.757149109195497,0.008142799999999999,1
90,-10.757149109195497,0.016455899999999996,1
91,-3.4050757465240484,0.0339269,1
92,-3.4050757465240484,0.0234666,1
93,-3.4050757465240484,0.06256679999999999,1
94,-3.4050757465240484,0.003156300000000001,1
95,-3.4050757465240484,0.024429099999999995,1
96,-3.4050757465240484,-0.01610840000000001,1
97,1.488127822217227,0.052364,1
98,-1.8959454600534764,0.1079344,1
99,0.9307213467047188,0.0266528,1
100,0.9307213467047188,0.0777582,1
101,-1.8959454600534764,0.10797580000000001,1
102,0.9307213467047188,0.0777265,1
103,0.9307213467047188,0.026625,1
104,0.10200094371072267,0.0441333,1
105,0.9540759697701514,0.1022205,1
106,0.9540759697701514,0.0978652,1
107,0.9540759697701514,0.09773589999999999,1
108,0.9540759697701514,0.0798566,1
109,0.9540759697701514,0.13307819999999998,1
110,0.9540759697701514,0.12727270000000002,1
111,0.9540759697701514,0.13860260000000002,1
112,0.9540759697701514,0.116904,1
113,0.9540759697701514,0.08049730000000001,1
114,-7.323335501902043,0.035787900000000004,1
115,0.9540759697701514,0.08819959999999999,1
116,0.04125246757885168,0.08231379999999999,1
117,0.04125246757885168,0.0982524,1
118,0.04125246757885168,0.0857492,1
119,0.04125246757885168,0.0554275,1
120,0.04125246757885168,0.065706,1
121,0.04125246757885168,0.0480496,1
122,0.04125246757885168,0.0960825,1
123,-0.8028054382071796,0.06218440000000001,1
124,-0.8028054382071796,0.10135830000000001,1
125,3.512595662415064,0.0805565,1
126,3.512595662415064,0.0109282,1
127,3.512595662415064,0.0108363,1
128,-0.09797864737463516,0.0483094,1
129,-0.09797864737463516,0.0482701,1
130,-10.766643411642997,0.080639,1
131,-10.766643411642997,0.023408500000000002,1
132,-10.766643411642997,0.15223129999999999,1
133,-10.766643411642997,0.1524305,1
134,-1.4002331190786104,0.0415369,1
135,0.2277327302882748,-0.0015230000000000035,1
136,-9.223592006668554,0.1139208,1
137,-9.223592006668554,0.0635539,1
138,-9.223592006668554,0.08930579999999999,1
139,-9.223592006668554,0.10412339999999999,1
140,-9.223592006668554,0.115833,1
141,-9.223592006668554,0.0907634,1
142,-9.223592006668554,0.0439324,1
143,-9.223592006668554,0.0856431,1
144,-9.223592006668554,0.0993696,1
145,-9.223592006668554,0.08794210000000001,1
146,-0.7774748233317643,0.034481399999999995,1
147,-0.7774748233317643,0.0339661,1
148,-0.7774748233317643,0.034421600000000004,1
149,-0.7774748233317643,0.0272336,1
150,-0.7774748233317643,0.0271965,1
151,0.7076644260202745,0.06663949999999999,1
152,0.7076644260202745,0.062358800000000006,1
153,0.7076644260202745,0.0624043,1
154,0.7076644260202745,0.0483672,1
155,-1.576795656682081,0.0610971,1
156,-1.576795656682081,0.058136900000000005,1
157,-13.839789149738262,0.0505552,1
158,-13.839789149738262,0.0851164,1
159,-13.839789149738262,0.060456600000000006,1
160,-13.839789149738262,0.052587199999999994,1
161,-13.839789149738262,0.0373376,1
162,-13.839789149738262,0.0185809,1
163,-13.839789149738262,0.0373289,1
164,-13.839789149738262,0.07288380000000001,1
165,-0.09398627032644756,0.0625233,1
166,-0.09398627032644756,0.10355710000000001,1
167,-0.09398627032644756,0.10556420000000001,1
168,-0.09398627032644756,0.017090900000000003,1
169,-0.09398627032644756,0.1157747,1
170,-0.09398627032644756,0.0499635,1
171,-0.09398627032644756,0.08798439999999999,1
172,-0.09398627032644756,0.1198228,1
173,-0.09398627032644756,0.0838539,1
174,-0.09398627032644756,0.08612929999999999,1
175,0.09963291018555442,0.0618418,1
176,0.09963291018555442,0.0704186,1
177,0.09963291018555442,0.07047729999999999,1
178,0.09963291018555442,0.0599064,1
179,0.09963291018555442,0.0599068,1
180,-0.1471093197961677,0.0080504,1
181,-0.1471093197961677,0.0048254999999999965,1
182,-0.1471093197961677,0.008134200000000001,1
183,-0.1471093197961677,0.015484899999999998,1
184,-0.1471093197961677,0.0133748,1
185,-0.1471093197961677,-0.0944085,1
186,-0.1471093197961677,-0.0944923,1
187,-0.1471093197961677,0.014087899999999999,1
188,-0.1471093197961677,0.0113237,1
189,0.07685371297013921,0.0600932,1
190,-3.383101701129411,0.080331,1
191,-3.383101701129411,0.08048989999999999,1
192,-3.383101701129411,0.0473831,1
193,0.07685371297013921,0.0613536,1
194,-3.383101701129411,0.0404756,1
195,-3.383101701129411,0.0523116,1
196,-3.383101701129411,0.06036609999999999,1
197,0.07685371297013921,0.0524242,1
198,0.07685371297013921,0.06018250000000001,1
199,0.07685371297013921,0.12124560000000001,1
200,-1.69341074186167,0.0603342,1
201,-1.69341074186167,0.0630167,1
202,-1.69341074186167,0.06263830000000001,1
203,-1.69341074186167,0.0686573,1
204,-1.69341074186167,0.021512199999999995,1
205,-1.69341074186167,0.1114586,1
206,-1.69341074186167,0.0821614,1
207,-1.69341074186167,0.08211130000000001,1
208,-1.69341074186167,0.0735533,1
209,-1.69341074186167,0.0966246,1
210,-1.69341074186167,0.0605926,1
211,-1.69341074186167,0.047936900000000005,1
212,-1.69341074186167,0.0196412,1
213,-0.008184351726653572,0.07306810000000001,1
214,-0.008184351726653572,0.073245,1
215,0.2756102468872933,0.0466854,1
216,0.4200453389955014,-0.012555700000000005,1
217,0.4200453389955014,-0.0248453,1
218,0.4200453389955014,-0.009800299999999998,1
219,0.4200453389955014,-0.0495235,1
220,0.2756102468872933,-0.011525099999999995,1
221,0.4200453389955014,-0.008571700000000002,1
222,0.2756102468872933,-0.011390200000000005,1
223,0.4200453389955014,-0.0182088,1
224,0.2756102468872933,0.0623375,1
225,0.2756102468872933,0.06232619999999999,1
226,0.7544144207388359,0.0632722,1
227,-1.3647748707919671,-0.054686800000000015,1
228,-1.3647748707919671,-0.0290165,1
229,-1.3647748707919671,-0.012591600000000008,1
230,2.3323849043747416,0.0608852,1
231,-1.3647748707919671,-0.0191311,1
232,2.3323849043747416,0.004338499999999995,1
233,2.3323849043747416,-0.02356040000000001,1
234,-1.3647748707919671,-0.0235755,1
235,2.3323849043747416,0.000768899999999996,1
236,2.3323849043747416,-0.0043298000000000095,1
237,1.887567459823713,0.08102960000000001,1
238,1.887567459823713,0.08085049999999999,1
239,1.887567459823713,0.0626704,1
240,1.887567459823713,0.08911469999999999,1
241,1.887567459823713,0.0625289,1
242,1.887567459823713,0.0838835,1
243,1.887567459823713,0.0660489,1
244,0.08547811435039923,0.0610477,1
245,-5.22676188505111,0.0851076,1
246,-5.22676188505111,0.0851383,1
247,-5.22676188505111,0.1139299,1
248,-5.22676188505111,0.1140867,1
249,-3.6403264675834612,0.1175509,1
250,-3.6403264675834612,0.050412599999999995,1
251,-3.6403264675834612,0.11474360000000002,1
252,-3.6403264675834612,0.0505158,1
253,-3.6403264675834612,0.1175916,1
254,-3.6403264675834612,0.114849,1
255,3.045633186718657,0.1333318,1
256,3.045633186718657,0.14468129999999998,1
257,3.045633186718657,0.07020409999999999,1
258,3.045633186718657,0.0610805,1
259,3.045633186718657,0.0570331,1
260,3.045633186718657,0.0909355,1
261,-0.17684293270423224,0.1039779,1
262,-0.17684293270423224,0.07849389999999999,1
263,-0.17684293270423224,0.0909055,1
264,-0.17684293270423224,0.0811462,1
265,-0.17684293270423224,0.0977529,1
266,-0.17684293270423224,0.1227712,1
267,-13.509898056746426,0.0425815,1
268,-0.5089953095236539,0.028506899999999995,1
269,-0.5089953095236539,0.0227085,1
270,-0.5089953095236539,0.07502349999999999,1
271,-0.5089953095236539,0.0312329,1
272,-0.5089953095236539,0.028218700000000003,1
273,-0.5089953095236539,0.0272037,1
274,-0.5089953095236539,0.028162099999999995,1
275,-0.5089953095236539,0.0301121,1
276,-0.5089953095236539,0.0265098,1
277,-0.5089953095236539,0.0747232,1
278,-0.5089953095236539,0.0291358,1
279,-0.33610956049935403,0.1033876,1
280,-0.33610956049935403,0.0690525,1
281,-0.33610956049935403,0.069164,1
282,-0.33610956049935403,0.06904810000000002,1
283,-0.33610956049935403,0.0686841,1
284,-0.33610956049935403,0.06860939999999999,1
285,-0.33610956049935403,0.0691788,1
286,-0.33610956049935403,0.1414249,1
287,-0.33610956049935403,0.0900972,1
288,-0.33610956049935403,0.0901156,1
289,-0.33610956049935403,0.14735520000000002,1
290,1.2164208189677783,0.1045248,1
291,0.8963428313263859,0.0743186,1
292,1.2164208189677783,0.046805400000000004,1
293,1.2164208189677783,0.0994284,1
294,0.8963428313263859,0.0547357,1
295,1.5851204054463004,0.0787953,1
296,1.5851204054463004,0.03948959999999999,1
297,1.2164208189677783,0.07873200000000001,1
298,1.2164208189677783,0.0878478,1
299,-2.0897045969335526,0.044841900000000004,1
300,-0.428351266052686,0.0183593,1
301,-1.0602950746821669,0.058790300000000004,1
302,-1.0602950746821669,0.0598673,1
303,-1.0602950746821669,0.0845247,1
304,-1.0602950746821669,0.0948692,1
305,-1.0602950746821669,0.0745221,1
306,-2.3890455229739893,0.026208699999999998,1
307,-2.3890455229739893,0.0250671,1
308,-2.3890455229739893,0.0579722,1
309,-2.3890455229739893,0.0534121,1
310,-2.3890455229739893,0.038768300000000006,1
311,-0.3361972768723983,0.0548215,1
312,-0.3361972768723983,0.07862519999999999,1
313,-0.3361972768723983,0.0495634,1
314,-0.3361972768723983,0.0371231,1
315,-0.3361972768723983,0.0447161,1
316,-0.3361972768723983,0.0446827,1
317,-0.3361972768723983,0.0296688,1
318,-0.3361972768723983,0.0424043,1
319,1.0482007383127434,0.08867869999999999,1
320,1.0482007383127434,0.09147480000000001,1
321,1.0482007383127434,0.08812009999999999,1
322,-6.927619932945343,0.1068631,1
323,-6.927619932945343,0.052886800000000005,1
324,-6.927619932945343,0.0457153,1
325,-6.927619932945343,0.0307755,1
326,-6.927619932945343,0.05228340000000001,1
327,-6.927619932945343,0.1064175,1
328,-6.927619932945343,0.003255799999999996,1
329,-6.927619932945343,0.05229690000000001,1
330,-6.927619932945343,0.10968589999999999,1
331,-6.927619932945343,0.045219199999999994,1
332,-6.927619932945343,-0.0228143,1
333,-0.8246491461685816,0.0330402,1
334,-0.8246491461685816,0.0300736,1
